qq分组带符号带繁体字,0.0
大学毕业论文范文,0.0
红烧鸡腿,0.105263157895
白云公园门票团购,0.0
etf基金,0.0526315789474
星光大道2005,0.05
公务员辞职,0.105263157895
英雄联盟领取头像,0.0
心理学专业,0.111111111111
古墓丽影9攻略,0.176470588235
高铁地图高清版,0.166666666667
高效学习法,0.105263157895
你是我的姐妹电视剧,0.1
qq炫舞旅行挑战18期,0.0526315789474
极品太监猎美传奇,0.05
道客巴巴怎么免费下载,0.25
中铁四局五公司,0.0
时尚王,0.222222222222
轻松时刻,0.0454545454545
环亚国际,0.0
儿童游乐设备,0.05
历史上的今天4月11日,0.105263157895
陕西大正电器有限公司,0.0526315789474
我的世界开服器下载,0.0526315789474
2014年烟台中考数学试题及答案,0.176470588235
昆仑决最新比赛视频2015,0.047619047619
上海电子地图,0.3125
海底小纵队3,0.111111111111
变废为宝手工制作房子,0.0
win7旗舰版永久激活工具,0.357142857143
电饭煲蛋糕,0.047619047619
王爷的弃妃,0.235294117647
水木年华的歌,0.166666666667
山东地税,0.157894736842
支付宝透支怎么开通,0.105263157895
泥鳅的营养价值及功效,0.105263157895
北京平四,0.105263157895
纸飞机儿童摄影,0.105263157895
革命现代京剧智取威虎山,0.0
索马里120天,0.05
cf0元道具领取,0.428571428571
绾青丝,0.0909090909091
中班数学教案,0.105263157895
火影忍者游戏究极风暴,0.111111111111
方太集团,0.125
鹤舞飞翔,0.157894736842
cnki翻译助手,0.235294117647
真三国无双4,0.235294117647
粉红玛丽,0.1
上呼吸道感染症状,0.105263157895
游戏王5ds,0.0526315789474
寻迹孔子故里的教案,0.0526315789474
古川雄辉,0.0
孙善武冤案,0.235294117647
世纪审判,0.105263157895
兔子舞教学视频,0.235294117647
3d旋转矩阵,0.0526315789474
directx+runtime最新版,0.0
晋中教育平台,0.105263157895
海贼王下载全集+下载,0.0526315789474
广州志愿者,0.15
红米usb调试在哪,0.05
科目三灯光模拟考试桑塔纳,0.05
electro+drum+pads+24谱子,0.111111111111
mc小洲2015经典语录2歌词,0.176470588235
水云诗面膜怎么样,0.05
160706+嘉实300,0.1875
高云翔董璇儿子的照片,0.0
我的世界新月至尊,0.235294117647
告白视频制作,0.166666666667
如何用ps修改图片文字,0.166666666667
苹果5报价,0.157894736842
潍坊滨海新纪元学校,0.0526315789474
火影忍者国语,0.294117647059
龙族3,0.166666666667
殷桃小丸子国语,0.0526315789474
实习生电视剧,0.111111111111
基础研究和应用研究的区别,0.1875
五年级三单元作文,0.05
占用内存小的浏览器,0.117647058824
htc+e8时尚版,0.176470588235
qq姐妹头像两张带字,0.0555555555556
山西高中毕业证书图片,0.125
七骑士,0.05
生活大爆炸第一季,0.222222222222
爆枪英雄辅助最新版,0.111111111111
2015新娘发型图片,0.05
关于悠悠球的PPT,0.0
神级建模师,0.0555555555556
舌吻的方法与技巧,0.235294117647
陆毅和袁立,0.0
2015生肖卡,0.0
易宝支付,0.047619047619
2015河北企业退休养老金调整,0.0
bt5中文版下载,0.1875
大鸿米店完整版,0.166666666667
源君物语,0.166666666667
2015克隆空间,0.111111111111
北京旅游地图,0.105263157895
月光曲,0.166666666667
qq免费气泡,0.111111111111
吉林延边大学研究生录取,0.166666666667
时间煮雨qq空间链接,0.0526315789474
甘姿堂净白时代,0.0526315789474
亚冠联赛,0.0
穿越秦时明月小说大全,0.1875
4399弹弹堂3无限点券,0.0
素描几何体,0.157894736842
2014金鹰节颁奖晚会,0.05
若风年收入,0.25
音乐编辑软件,0.047619047619
温暖的记忆满分作文,0.105263157895
极品新娘29集,0.111111111111
广汽传祺gs4最新消息,0.0
浪漫满屋泰国版,0.05
山东职业学院单招试题,0.0526315789474
企业所得税是国税还是地税,0.0526315789474
日本购物攻略,0.166666666667
童话村电影大全观看,0.1
清明节扫墓作文450字,0.0
毕福剑现任老婆,0.05
男孩子好听的名字,0.111111111111
星月菩提子怎么盘,0.05
无敌铁桥三全集下载,0.111111111111
3d打印模型下载,0.25
mtv制作软件,0.0526315789474
李钟硕综艺,0.176470588235
手机进水屏幕黑屏,0.333333333333
吊顶造型,0.0
我的作文300字,0.166666666667
贵州斗牛2015,0.166666666667
最强大脑第三季,0.0
通知的格式及范文,0.166666666667
名爵锐腾怎么样,0.222222222222
5555深海导航,0.0
简单易学的英文歌,0.176470588235
眼保健视频,0.1
lol边框怎么领取,0.111111111111
走过那一拐角+作文,0.105263157895
有标题和题记的作文,0.176470588235
花都战兵,0.0526315789474
胃酸怎么办,0.105263157895
香港六和釆马会开奖结果,0.0
我的世界黄金怎么挖,0.111111111111
搞笑名字大全,0.1
陕西那里招挖掘机修理工,0.0
鸡汤的做法,0.157894736842
十跪父重恩哭灵歌,0.117647058824
郑和远航ppt,0.0526315789474
小小猫和老鼠,0.0
新装修的房子多久可以入住,0.235294117647
ADC符文,0.166666666667
天将雄狮票房,0.157894736842
巴西任务,0.176470588235
电磁炉工作原理,0.0
2015cf活动大全,0.0526315789474
杜比音效下载,0.428571428571
坦克世界黑豹配件,0.117647058824
侠盗罪恶都市作弊器,0.176470588235
陋室铭ppt,0.105263157895
qq分组男生伤感+帅气,0.0526315789474
魔兽3冰封王座地图,0.25
眼线怎么画好看,0.166666666667
lol大脚自制皮肤,0.176470588235
益玩梦幻西游,0.333333333333
360音乐,0.105263157895
银行贷款利率,0.25
竞选文艺委员发言稿50,0.0526315789474
学习讨论落实活动心得体会,0.111111111111
舒缓眼睛疲劳,0.0526315789474
分时线和价格的关系,0.111111111111
nba回放录像,0.166666666667
如何腌制香椿芽,0.111111111111
转氨酶,0.105263157895
名侦探柯南小栗旬电影,0.0
1000种死法第六季,0.176470588235
纯妍堂酵素梅价格,0.105263157895
开开木门,0.111111111111
走廊玄关壁画墙纸,0.0526315789474
神武ps还魂孩子计划书,0.333333333333
新地杂志,0.0
数学公式编辑器,0.105263157895
变形计20150405期,0.0
制作表格的软件,0.105263157895
春季皮肤护理,0.0526315789474
小数点位置移动规律的应用优秀教学设计,0.0526315789474
最强大脑范冰冰完整版,0.111111111111
hp5200lx打印机驱动下载,0.333333333333
鱼香茄子,0.105263157895
笔记本电脑摄像头咋开,0.0
金刚狼,0.047619047619
tf小游戏大全,0.111111111111
px词条保卫战,0.0
黑道小说改编的电视剧,0.176470588235
we+vs+eu偷塔狂魔,0.111111111111
cf电脑配置要求,0.0625
石家庄曝气膜,0.0
银河护卫队2,0.0526315789474
动漫七大罪,0.0526315789474
罗非鱼,0.05
全国重点高中排名,0.105263157895
cctv新闻,0.0
dnf特级职业转换书怎么没了,0.333333333333
2015韩版夏季服装图片,0.0526315789474
雷电颂ppt,0.111111111111
弥渡山歌,0.0
原子弹爆炸视频,0.1
我的世界地图编辑器,0.25
简历模板下载word格式免费下载,0.166666666667
千叶樱华漫画,0.0526315789474
英雄联盟主界面白屏,0.176470588235
在哪里可以买yy6位永久ID？,0.0555555555556
公文写作基础知识,0.105263157895
哈尔滨直辖市,0.111111111111
七寻记漫画,0.3125
对海伦凯勒的评价,0.0526315789474
股指吧加盟,0.05
烈探狙击,0.05
同学生日祝福语,0.166666666667
驾驶证换证,0.111111111111
2015年公务员工资标准,0.176470588235
武义牛头山,0.166666666667
暖心句子,0.166666666667
金刀峡,0.0952380952381
巧虎开心万圣节,0.105263157895
河南邮政公司,0.294117647059
4399游戏盒下载到电脑,0.176470588235
怎样设置二级无线路由器,0.117647058824
cfm37ss在哪买,0.0
毕业设计任务书,0.05
卧室设计,0.111111111111
kx3552调音台皮肤下载,0.111111111111
C#Login控件数据库验证原码,0.0526315789474
维生素e软胶囊,0.0952380952381
腾讯视频下载,0.176470588235
尼罗鳄的天敌,0.0
千机变2花都大战国语,0.25
海贼王684,0.05
离职报告,0.294117647059
西甲联赛,0.0454545454545
加好友软件,0.166666666667
有温度的话语作文600字,0.105263157895
12星座配对,0.105263157895
热血传奇完整客户端下载完整版,0.4
香港电视剧+乾隆大帝,0.111111111111
关于大自然的资料,0.05
比例的应用ppt,0.0526315789474
儿童歌曲视频大全连续,0.157894736842
枣树栽培技术,0.105263157895
山东医改乡村医生待遇,0.111111111111
我对你的敬仰犹如滔滔江水,0.105263157895
坦克大战经典版,0.142857142857
如何投资B股,0.05
木星上行高清下载,0.111111111111
下载360免费wifi,0.222222222222
守护甜心第4季全集,0.0
时间都去哪了王铮亮mp3下载,0.176470588235
法制宣传心得体会,0.05
神武经验计算器,0.0
搞笑西游,0.1
tfboys音悦v榜盛典2015,0.05
落日怅望古诗赏析答案,0.333333333333
qt语音刷单兼职靠谱吗,0.105263157895
异界全职业大师txt全集下载,0.0
战术直刀,0.105263157895
拉丁舞比赛,0.047619047619
我的世界迷路怎么回家,0.176470588235
化疗和中药同时进行吗,0.111111111111
红烧鸡块,0.105263157895
肤力康,0.0588235294118
玫瑰行动电视剧全集,0.235294117647
用蚂蚁和樟脑丸做实验,0.0526315789474
流星蝴蝶剑外挂,0.111111111111
圣手狂枭,0.357142857143
叙利亚狙击手爆头视频,0.176470588235
玫瑰糠疹怎么引起的,0.166666666667
15万新农村别墅设计图,0.0526315789474
泰拉瑞亚联机平台,0.1875
沈腾马丽小品大全集,0.357142857143
杀破狼2迅雷下载,0.235294117647
澳门风云2高清观看,0.05
巴拉拉小魔仙演员表图片,0.111111111111
五笔打字游戏在线练习,0.176470588235
渐进老花镜,0.0
魂王的遗迹怎么打,0.3125
摇滚乐,0.05
编织包包,0.157894736842
ipclient监控软件下载,0.266666666667
打开心中的那把锁作文,0.105263157895
学习双学双严心得体会,0.117647058824
海底小分队,0.0952380952381
权力征途,0.117647058824
4399机甲旋风2,0.0526315789474
china+daily+双语新闻,0.0
小品搞笑大全,0.0588235294118
货币战争,0.0
玲珑塔喊麦,0.222222222222
银行卡,0.0
刘福友书法价格,0.176470588235
名侦探柯南迅雷下载mp4,0.0
鹊桥仙·纤云弄巧+秦观,0.0526315789474
金身二觉刷图加点,0.0526315789474
快乐的星期天作文200字,0.25
白银价格,0.166666666667
反问句大全,0.166666666667
2015年dnf51套,0.105263157895
席琳迪翁经典歌曲,0.157894736842
斑马斑马吉他谱,0.166666666667
毕姥爷饭局视频,0.047619047619
苗族教育,0.0
拔丝芋头,0.105263157895
dnf天帝,0.05
空格复制,0.166666666667
4999小游戏,0.235294117647
感悟名言作文600字,0.0526315789474
关于tfboys的游戏,0.166666666667
cfbug视频,0.05
无畏天马蓝宝石历险记,0.111111111111
2015绩优股有哪些,0.0555555555556
魔王与勇者与圣剑神殿,0.105263157895
婷美化妆品,0.15
阳光体育，快乐足球征文,0.176470588235
衡水金棕榈影讯,0.1
笠翁对韵精解,0.0555555555556
练胸肌最好的方法,0.166666666667
无机化学第二版课后习题答案,0.111111111111
柠檬蜂蜜水,0.047619047619
山西医科大学研究生院,0.3125
加油稿,0.3125
微聚美贺卡,0.176470588235
黑丝白浆,0.0
物流业运行分析,0.105263157895
收入证明范本下载,0.3125
盐酸氨基葡萄糖胶囊,0.047619047619
黄金魂,0.05
天龙sf,0.05
房屋勘探设计招标文件,0.0
无双宝鉴,0.166666666667
水浒传读书笔记,0.176470588235
混沌天体5200,0.0555555555556
优酷电影力王监狱风云,0.0
木府风云,0.05
美国新闻,0.05
钰盈堂净颜梅怎么样,0.0
清华英语陪练机,0.0
小小智慧树2013全集,0.0
明天会更好指挥手势图,0.0
gif制作软件下载,0.105263157895
生死狙击免费刷枪软件,0.25
桃花的功效与作用,0.105263157895
驾校宣传语,0.105263157895
军校排名2014排行,0.05
lol笑话段子,0.05
竞选生活委员发言稿+五年级作文,0.0526315789474
新视野英语2课后答案,0.05
营销和销售的本质区别,0.05
洪荒小说完本排行榜,0.125
2014年神秘禁飞事件,0.0555555555556
微信批量加好友软件,0.538461538462
全面战争mod资源站,0.176470588235
ps+cc破解版下载,0.25
哥斯拉,0.0454545454545
环保标志,0.0555555555556
