河北科技大学,0.0952380952381
火影忍者下载+迅雷下载,0.0555555555556
北京丰台建都医院,0.222222222222
幸福像花儿一样+电视剧,0.0
邱县贴吧最新消息,0.0526315789474
思量qq亮钻大师,0.25
nba2015全明星赛,0.1
基督教儿歌大全100首,0.0555555555556
致我们终将逝去的青春电影完整版,0.05
学驾照科目一模拟考试,0.25
最近10天电影,0.235294117647
比亚迪唐最新消息,0.05
怎样邀请好友加入群,0.166666666667
肝火旺的症状,0.166666666667
用电饭锅怎么做蛋糕,0.166666666667
小学美术教案+简笔画,0.0
刘老根大舞台,0.210526315789
睿德二元期权可靠吗,0.0
新农村,0.0454545454545
卫生间装修效果图小户型,0.0555555555556
qq音乐2015年度盛典,0.05
自己怎样盘发简单好看,0.0
倚天屠龙记小说,0.166666666667
述职述廉报告,0.235294117647
365新年快乐,0.105263157895
三国志刘备传修改器,0.235294117647
努比亚（nubia）小牛4+Z9mini,0.111111111111
菏泽公墓,0.25
通用pe工具箱,0.105263157895
深圳市格美奇科技有限公司,0.1
抛釉砖的缺点,0.111111111111
pdf打印机破解版+win7,0.0
dmi指标详解,0.235294117647
地震中的父与子小练笔,0.0588235294118
电脑壁纸高清,0.357142857143
叠像术,0.0
html文档的基本结构,0.0
胎盘组织液的作用,0.0
幼儿园春季育儿知识,0.111111111111
winxp+ghost+下载,0.0526315789474
黄河是怎样变化的主要内容,0.0526315789474
简单科学小发明小制作,0.235294117647
花的种类大全图鉴图片,0.117647058824
新疆舞蹈视频大全,0.166666666667
倾世皇妃,0.1
全国劳动模范先进事迹,0.05
qq空间电影,0.0
我的纪录片,0.1
ysl口红57号,0.105263157895
坐庄+迅雷高清,0.0588235294118
怎样看股票走势图,0.0
吸鱼机,0.0
粉宝乐园,0.105263157895
实时天气,0.0
冯辉轮滑视频,0.166666666667
死亡循环2txt下载,0.0526315789474
黄遂柱,0.166666666667
折纸玫瑰视频,0.047619047619
莽荒纪txt免费下载,0.25
虚拟打印机,0.105263157895
退伍日记下载,0.111111111111
名师工作室代表发言稿,0.0555555555556
玫瑰酱的做法,0.222222222222
蛮荒囚徒,0.111111111111
单机破解游戏下载大全中文版下载,0.333333333333
360分区助手,0.176470588235
生死狙击等待udp连接,0.0526315789474
英雄联盟阿卡利神秘商店2015,0.111111111111
小学形声字儿歌,0.0526315789474
牌九游戏大厅,0.0
生化危机5免费高清,0.047619047619
帮助小白兔过河200字,0.111111111111
雨霖铃,0.105263157895
践行社会主义核心价值观心得体会,0.166666666667
cf老玩家回归礼包,0.105263157895
端午日阅读答案,0.0526315789474
ps在线图片处理,0.166666666667
数学诗歌,0.05
营销词,0.111111111111
取名字打分,0.25
东风小康K17,0.235294117647
高尔基的童年,0.0454545454545
高贵的母亲,0.0
深圳地铁线路图,0.176470588235
mp3转换器,0.166666666667
路路通编织方法,0.0526315789474
七原罪漫画120,0.2
索纳塔,0.1875
迦南诗选打包下载,0.333333333333
忧伤的图片,0.05
西门剑姬,0.157894736842
魔兽显血改键工具,0.105263157895
众泰t600运动版,0.0
难忘的泼水节ppt,0.0
好听的微信公众号名字,0.333333333333
张籽沐qq号,0.0
一般将来时,0.235294117647
租店面,0.105263157895
钟馗伏魔+雪妖魔灵mp4,0.0
敢达OL尊贵礼包,0.111111111111
深圳驾驶证考生自主预约,0.111111111111
传奇墨舞碧歌最新章节,0.105263157895
桃花圣手,0.0
结对帮扶+义诊,0.0
罗汉说鸽,0.0454545454545
gta4秘籍,0.176470588235
王宗岳太极拳论解释,0.0
星座屋,0.0952380952381
钓鱼杆绑线技巧,0.0
小龙的随身空间,0.05
拼音输入法下载,0.0
福建教师招聘考试报名入口,0.111111111111
单田芳评书薛礼征东,0.0
2015变形计歌曲大全,0.111111111111
ea888发动机优缺点,0.235294117647
碟中谍3高清在线观看,0.0526315789474
塔尔寺,0.15
客厅灯,0.111111111111
刀剑神域2土豆观看,0.0
中建三局招聘,0.111111111111
精神文明建设,0.05
四川腊肉,0.0
克罗地亚战警,0.1
天使妹妹,0.047619047619
豆角烧茄子,0.111111111111
app制作软件,0.1875
论文封面,0.1875
铠甲战士,0.05
斜面自锁力的计算,0.0526315789474
球粒陨石,0.05
易物天下骗局,0.0526315789474
秒赞秒评,0.3125
生死狙击给我一个强号,0.0
连环画,0.166666666667
分公司如何纳税,0.166666666667
搜狗手写输入法,0.230769230769
回到三国当保镖,0.0526315789474
南国的孩子+张悬+吉他谱,0.0
岳西在线家园,0.105263157895
混沌战域神兵4升5,0.0526315789474
批发零售用地,0.105263157895
谷歌访问助手下载,0.214285714286
杭州地铁5号线站点,0.0
宫锁珠帘+电视剧,0.105263157895
2015汉字听写大会词库,0.176470588235
千与千寻,0.0454545454545
闪电侠第二季,0.166666666667
容积和容积单位课件,0.0526315789474
消石素,0.157894736842
四下语文园地三作文,0.05
斯拉格精灵中文版全集,0.176470588235
奥林匹克公园,0.0952380952381
都市逍遥天尊txt全集下载,0.0526315789474
HP862墨盒,0.0
漂洋过海来看你吉他谱,0.235294117647
当你老了吉他谱,0.235294117647
日语输入法下载,0.0555555555556
翡翠观音寓意,0.166666666667
搞笑签名,0.222222222222
大同黑社会段卫宁,0.0
极品时刻表,0.105263157895
2034盒子破解版会员号,0.111111111111
联合早报,0.105263157895
faker第一视角,0.176470588235
德化森林公园的春游方案,0.0
赞美樱花的诗句,0.176470588235
神奇四侠2免费观看,0.1
深圳煜森照明,0.0526315789474
自制鲤鲫钓鱼鱼饵配方,0.0555555555556
水泥价格今日报价,0.166666666667
迪迦奥特曼最终圣战,0.0
冰煮羊加盟联系方式,0.1875
金太阳国信证券,0.166666666667
小课题研究申报表范例,0.0526315789474
傣族服饰图片,0.117647058824
52pk挂下载+免费版,0.0526315789474
护理业务学习内容,0.0588235294118
账号申诉,0.0526315789474
北盟外语,0.05
关于《逃离》的毕业论文题目,0.0
曲阜师范大学,0.0909090909091
希望谷班级园地登录,0.0
徐悲鸿研究会,0.157894736842
丽江旅游股票,0.285714285714
变形计李勒优,0.05
天津最低工资标准2015,0.166666666667
铁血战士2,0.1
干眼症,0.0454545454545
怎样处理英语学习压力++英语作文,0.0526315789474
我的世界手机版建立服务器,0.0
海洋水价格,0.0
双学双严警示教育体会,0.0555555555556
中秋节习俗,0.111111111111
锅包肉的做法+最正宗的做法,0.0
启动盘制作工具,0.117647058824
核桃树树皮煮鸡蛋,0.111111111111
2015最新伤感歌曲,0.235294117647
模拟驾驶,0.166666666667
郭士强下课真正原因,0.0
二套房贷款利率2015,0.166666666667
哈尔滨田开明,0.0526315789474
听音乐会作文400字,0.0526315789474
自主招生面试题,0.166666666667
每次打开word2007都要配置,0.25
绥化市委书记,0.0526315789474
小学生作文的单价一定,0.0526315789474
yy伴奏怎么设置酷狗,0.0555555555556
西班牙语招聘,0.047619047619
光辉照儿永向前简谱,0.176470588235
懒政怠政,0.05
澳门风云2粤语下载80s,0.117647058824
一带一路高铁股,0.0
lol剑圣,0.0
非典资料,0.0
二十四道拐电视剧全集,0.117647058824
变形计两个世界全集,0.0
章子怡哥哥,0.05
刁蛮公主冰山王爷,0.176470588235
农夫岛航,0.0
x550d华硕,0.105263157895
3d66软件免费下载,0.2
蓝条手套阅读答案,0.0526315789474
2015流行短发,0.235294117647
评别克昂科拉缺点,0.333333333333
极品逍遥,0.0
海贼王漫画782分析,0.105263157895
贵阳驾校科目四考试,0.111111111111
ppt软件下载2014免费下载,0.25
cf蘑菇,0.25
72式警服,0.0
智谋故事,0.047619047619
动态头像制作,0.266666666667
斗鹰英文,0.05
国模西西,0.125
摩登舞教学视频,0.1
炫舞旅行挑战17期林中美味,0.117647058824
更大的老虎王即将现身,0.0
六角法兰面螺栓标准,0.0
物流会计全套账务处理,0.0
匪我思存,0.0454545454545
水莓100完全免费,0.0
大英招聘信息,0.294117647059
地震来了怎么办,0.0
春天在哪里舞蹈视频,0.1
王牌特工+豆瓣,0.0
四旋翼飞行器,0.1
南宁高新区罗赖小学,0.133333333333
劳动合同范本中年终奖,0.0526315789474
写轮眼都市纵横txt下载,0.2
失物招领教学反思,0.0
科比81分,0.1
台模小曼,0.0
德林社,0.1
刘一秒执行智慧2,0.047619047619
h1z1外挂,0.111111111111
顽皮的杜鹃教案,0.0
同煤吧,0.166666666667
激战奥雷卡国语版全集,0.25
视频解析,0.235294117647
多想告诉你作文500字,0.0
公务员照片在线处理,0.1875
壁纸桌面,0.222222222222
暗黑破坏神3激活码,0.117647058824
铃木启悦销量排名,0.125
灰指甲怎么治,0.0
逆战刷nz点,0.294117647059
会计凭证装订方法,0.117647058824
qq现金贷额度,0.0555555555556
盘点表格式,0.05
如何减肥,0.0
员工入股分红协议,0.0
洗衣机十大品牌,0.0588235294118
一生一世,0.0
无限流量卡,0.0526315789474
民事反诉状范文,0.1875
全民飞机大战平民装备,0.0526315789474
说说心里话作文,0.222222222222
level2破解版,0.117647058824
沃尔玛礼品卡,0.1
清吧经营模式,0.0
香港lhc开奖记录2015,0.0
2014定西市中考政治试题及答案,0.176470588235
学生发型男,0.166666666667
炸薯条的做法,0.0526315789474
英文铃声排行榜2015,0.111111111111
笑傲江湖霍建华,0.0555555555556
封神榜忠义乾坤,0.111111111111
十年戎马心孤单张凯,0.176470588235
微拍吧,0.105263157895
农村盖房合同协议书,0.166666666667
三年级作文我的家乡,0.176470588235
掌上英雄联盟,0.15
exo公主贵族学校小说,0.0526315789474
七武士,0.05
偷拍摄,0.0
翡翠空间,0.157894736842
御用特工txt全集免费下载,0.0526315789474
win7家庭版升级旗舰版,0.0588235294118
熟语的使用,0.0
柯基犬图片,0.25
感觉心脏突然咯噔一下,0.0
开题报告模板,0.05
QQ加精准好友的方法技巧,0.0
红米2增强版怎么样,0.0588235294118
武动乾坤无弹窗,0.1
钟馗伏魔：雪妖魔灵迅雷下载,0.0
木头qq2015显ip版,0.117647058824
贵州旅游,0.157894736842
太原市第三实验中学,0.157894736842
conflict第二季动画片,0.0
汉译英,0.105263157895
2015天津退休涨工资表,0.0526315789474
深圳社保局,0.277777777778
梦幻西游手游开区,0.05
劳动争议司法解释五,0.235294117647
邓小平的孙子,0.0555555555556
明细账,0.05
广州两日游攻略,0.157894736842
搞笑段子,0.15
第一创业证券,0.047619047619
生育保险单位证明,0.0526315789474
镇流器接线图,0.0
志愿贵州,0.166666666667
全民挂机cdkey,0.1875
入殓师工作真实图片,0.0
汉字的简化和规范导学案,0.0
呼啸山庄,0.047619047619
华国锋陵墓,0.157894736842
星球大战2,0.05
壁纸软件,0.1
音乐僵尸,0.157894736842
tfboys新歌,0.1
有效沟通技巧试题答案,0.111111111111
王仕鹏,0.0
认知主义学习理论基本观点,0.0555555555556
社会信用体系,0.0
吸血鬼日记里谁是双子座,0.0
廉政提示牌,0.0
生化危机4电影高清片免费完整版,0.105263157895
南洋十大降头,0.05
油画作品欣赏,0.222222222222
关于清明节的故事20字,0.0526315789474
杂志在线阅读,0.25
梦见钓鱼,0.105263157895
乒乓球发球技术,0.111111111111
红警大战辅助刷坦克,0.0
闻一多先生的说和做教学设计,0.0526315789474
都市小说排行榜完本,0.117647058824
如何用ps去雾,0.117647058824
文献检索报告,0.166666666667
九游游戏中心,0.25
天堂bt,0.333333333333
认识100以内的数练习,0.05
阿迪达斯zx700,0.1
花生油起沫,0.0
浙江新力化工有限公司,0.157894736842
红烧豆腐,0.111111111111
ipad+air2和air的区别,0.125
烈士墓前的宣誓词,0.0
苏南自主创新示范区,0.0
姐妹qq头像,0.0526315789474
微量元素与儿童健康,0.05
忍者大师,0.176470588235
家有九凤,0.105263157895
大飞cf透视,0.4
狂野角斗士巴基斯坦,0.0526315789474
陕北唢呐大全,0.3125
驾校一点通科目一,0.176470588235
可敬的对手怎么刷,0.176470588235
cfvip礼包领取,0.111111111111
秒赞软件下载电脑板,0.333333333333
我看你有戏第二期,0.166666666667
头发干枯毛躁怎么护理,0.0555555555556
东风mx6,0.166666666667
奥特曼全集,0.111111111111
梦见自己包丢了,0.333333333333
铝合金门窗,0.0454545454545
阿衰全集漫画片中文版,0.235294117647
变形计的帅哥,0.0
2015款奥拓,0.0
青春期1下载,0.176470588235
win7原版下载,0.0555555555556
鱼头豆腐汤,0.111111111111
我懂了作文600字,0.111111111111
台球桌报价,0.117647058824
灰指甲怎么治,0.0
小宝与康熙,0.235294117647
绝招ppt课件,0.05
行尸走肉第四季下载,0.1875
香港中炎fc币最新消息,0.05
婚姻线图解大全,0.105263157895
课件ppt模板下载,0.176470588235
淘宝修改评价,0.0625
零点吧nba视频录像,0.176470588235
苏州园林卡,0.235294117647
2015福克斯两厢+上市,0.0526315789474
送东阳马生序练习题及答案,0.166666666667
胃热的症状,0.0
秧歌舞,0.0454545454545
蝴蝶效应4,0.0952380952381
孕前知识,0.047619047619
刺客信条编年史,0.222222222222
木乃伊2(归来)电影,0.117647058824
动态头像,0.111111111111
我的世界各种传送门制作方法,0.105263157895
黄山风景区,0.05
道德与法治,0.0434782608696
尚福林,0.05
白银招聘,0.235294117647
辣椒酱,0.1
踏春作文,0.047619047619
末世化学家,0.047619047619
创新驱动发展战略,0.0
7k7k创世兵魂小游戏,0.333333333333
qq炫舞旅行挑战18期sss,0.0526315789474
狼图腾电影完整版吉吉,0.0
汉堡包的做法,0.05
那些年那些兔,0.1
婚纱照风格,0.0588235294118
天津社保,0.05
西游记86版,0.05
给男朋友的留言,0.105263157895
澳门风云2+种子,0.0555555555556
怎么接路由器,0.0
600999招商证券,0.117647058824
dade亚索符文,0.0526315789474
三十六计孙子兵法原文,0.0
国标舞,0.0
宝贝开心五月天,0.0
战舰游戏,0.047619047619
赛马视频,0.166666666667
新省委书记txt下载,0.125
老毛桃,0.105263157895
古惑仔江湖新秩序粤语高清,0.1875
yuki解说,0.222222222222
春天来了ppt课件,0.105263157895
南大碎尸案,0.05
电脑主题下载+xp,0.333333333333
阿卡丽的神秘商店4月1日,0.111111111111
东海手机维修,0.111111111111
生化危机诅咒,0.157894736842
免费虚拟主机,0.176470588235
鲜蒲公英的功效与作用,0.0
选文科的男生,0.0
吉利全球鹰gx7的缺点,0.25
tfboys偶像手记第二季,0.1
口袋怪兽xy汉化下载,0.111111111111
搞笑故事,0.166666666667
柳屯一中,0.105263157895
青岛海底世界门票价格,0.2
钻石小鸟,0.15
极限特工3下载,0.25
卤鸡腿的做法,0.105263157895
中星9号,0.105263157895
大染坊,0.166666666667
可可罗莉小号鞋,0.0
护士求职简历模板下载,0.176470588235
左耳小说下载全本,0.0526315789474
4月5日变形记,0.111111111111
剑灵咒术师八卦牌选择,0.0555555555556
造梦西游3无敌版,0.25
动物世界全集,0.3125
青春进行时+电视剧,0.111111111111
天下hd电脑版,0.111111111111
cf火线新兵,0.05
赞名片软件,0.25
激光生发头盔,0.0
刀塔传奇兑换码,0.0555555555556
煎中药的正确方法,0.117647058824
优秀员工表彰决定范文,0.0555555555556
保尚家具,0.166666666667
肾小球滤过率,0.105263157895
贺卫方,0.05
lol好听的名字,0.0
聚来宝登录,0.176470588235
清明祭英烈活动体会,0.0
3d极乐宝鉴国语完整版,0.235294117647
十年dj版空间链接,0.0
小马王影评,0.0
武书连2015大学排名,0.25
美丽谎言电视剧全集在线观看,0.25
逆战辅助吧,0.176470588235
科学家们无修版,0.0
苹果手机掉了怎么找回,0.0
胡杏儿与黄宗泽的儿子,0.0
三国战纪2,0.176470588235
转基因西红柿,0.0
甜白酒的做法,0.0588235294118
兰州一日游,0.05
弹弓打野鸡视频,0.05
万叶集,0.105263157895
复活节+怎么祷告,0.0
虚空遁地兽怎么玩,0.05
韩版小时代演员表,0.166666666667
南瓜饼的做法大全图解,0.176470588235
我的邻居山田君,0.222222222222
怎样去斑,0.0
韩剧宫国语版全集,0.0
梦幻西游手游开服时间,0.0526315789474
悍马报价,0.428571428571
韩国工资水平,0.176470588235
木星上行迅雷高清,0.1
迷失在马路旁边,0.0
澳门风云2+优酷,0.105263157895
cf最新刷枪软件免费版,0.0
4399弹弹堂辅助,0.176470588235
都市小道士,0.4
dnf爆无影剑艾格斯,0.111111111111
唐山吧,0.105263157895
qq水浒关胜和武松对比,0.111111111111
海岛奇兵4月4,0.0526315789474
药房加盟,0.105263157895
北斗星碳罐作用,0.0
装甲核心,0.157894736842
脾的位置图,0.0
八十岁生日贺词,0.0555555555556
抗日奇侠电视剧,0.176470588235
公司法2014,0.3125
碧血书香梦,0.105263157895
重庆医疗改革事件,0.0
ez失落的世界皮肤展示,0.266666666667
我的世界红石电梯存档,0.111111111111
tf+boys演过的电影,0.111111111111
数学家的故事100字,0.157894736842
去新加坡打工怎么样,0.3125
魔影师加点,0.25
十二路弹腿,0.05
怎样卡永久蓝钻,0.0555555555556
偏方简单治脚气灰指甲,0.0
变声期,0.05
增高方法,0.0
全球鹰GS,0.25
清明祭烈士小报,0.111111111111
破晓电影迅雷下载,0.176470588235
开膛手qj,0.176470588235
毛选与邓猫论,0.0526315789474
经典单机游戏,0.117647058824
逃离敦霍尔德,0.2
新疆石河子职业技术学院,0.0869565217391
玛法达2015年星座运势,0.105263157895
环太平洋2电影,0.105263157895
杀手代号47游戏修改器,0.25
60天提高400分,0.05
电脑主题下载win7,0.176470588235
关于清明节的作文650字,0.0
黄金价格走势图,0.111111111111
英语歌,0.222222222222
一件令我感动的事600字,0.157894736842
cf挑战新图地狱王宫,0.111111111111
精武门甄子丹全集,0.0526315789474
kate眉粉,0.1
冰河世纪3国语版,0.105263157895
刀剑神域1,0.0526315789474
深海里的星星漫画,0.3125
dnf天行者,0.111111111111
safe+and+sound+吉他谱,0.1875
呼噜小精灵3,0.105263157895
鸡爪的做法大全,0.266666666667
花样男子动漫,0.1
思维导图图片,0.111111111111
武林风4月4日,0.0526315789474
易语言dll注入器源码,0.111111111111
我的世界怎么遥控,0.105263157895
毕业旅行,0.047619047619
僵尸世界大战下载,0.111111111111
一个头两个大迅雷下载,0.0555555555556
猪猪侠10,0.05
范府大院,0.176470588235
黑马股票,0.0526315789474
战地2单机地图,0.428571428571
北京电影学院表演学院,0.105263157895
海贼王震震果实txt,0.0
宜家装修样板间,0.105263157895
那时花开作文600字,0.111111111111
qq勋章墙,0.0588235294118
六年级数学,0.0952380952381
机械贼卡组,0.3125
河津旅行社,0.0952380952381
变形计2014年全集杨桐,0.05
武汉地铁规划图,0.176470588235
葫芦娃找爷爷,0.294117647059
高梓淇,0.0454545454545
仙路争锋,0.105263157895
清明资料,0.166666666667
北国雄狮赵尚志阅读答案,0.0
九年级数学,0.047619047619
水冷机箱,0.157894736842
蒙古族的风俗习惯作文,0.1875
秦时明月,0.0952380952381
联通puk码解锁方法,0.0625
清明祭文诗词,0.176470588235
谜药购买,0.111111111111
山西忻州创奇高中,0.111111111111
蜀门社区,0.1875
武林风2015年3月28日,0.111111111111
蜜恋酸配甜,0.111111111111
穿越小说下载,0.105263157895
丰田皮卡,0.25
剑逆九天,0.1875
带妈妈回家电视剧全集,0.0
北京清明踏青好去处,0.105263157895
孟良崮国家森林公园,0.0952380952381
神界传说txt下载,0.176470588235
怎么破解手机图案锁,0.166666666667
威震三界,0.235294117647
qq空间日记,0.3125
异次元杀阵下载,0.176470588235
美的电压力锅c6故障,0.176470588235
僵尸大时代,0.0526315789474
100种简单扎头发图解,0.0526315789474
怎样清理c盘,0.4
巧克力图片,0.105263157895
景颇歌曲56视频,0.0
LOL比赛视频,0.047619047619
韩雪的老公,0.111111111111
福建一带一路龙头股,0.0
扇子舞红红的线,0.105263157895
小米note双通,0.176470588235
qq分组简单2个分组,0.0526315789474
创维电视软件下载工具,0.0526315789474
威虎山电影,0.047619047619
让我难忘的一件事400字,0.05
奥拉星秒杀辅助,0.111111111111
护士节活动方案,0.0
裤脚怎么卷好看,0.25
我的世界手机版存档,0.0526315789474
春天的田野作文,0.166666666667
电脑赚钱软件,0.214285714286
发箍怎么戴好看,0.105263157895
怪物大师炎龙图片,0.0
梦幻西游月卡,0.0526315789474
大陆小岛全集免费观看,0.0
石景山游乐园,0.0952380952381
2015最新说说,0.157894736842
名词解释,0.166666666667
羊脂白玉,0.105263157895
传奇SF,0.0
龙庆峡,0.1
怎样修改群头像,0.0625
2015年4月5日山东肉毛鸡价格,0.0526315789474
洪荒封神,0.111111111111
保健品行业分析报告,0.105263157895
qq音乐2015年颁奖典礼,0.05
社会与法普法栏目剧全集莲花闹海棠,0.0
移动迷宫下载,0.235294117647
汤姆索亚历险记主要内容,0.117647058824
cf蓝钻礼包领取器,0.111111111111
郑州大学排名2014排行,0.05
挖掘机模拟,0.15
在线思维导图,0.1875
那美辅助符文,0.0
武林群侠传攻略,0.105263157895
一代宗师影评,0.157894736842
exs表格下载,0.0526315789474
lol无法连接服务器,0.0666666666667
石家庄有哪些好玩的地方,0.05
红玫瑰王俊凯,0.157894736842
鱼子酱的做法,0.05
吴昕恐高遭空中翻飞,0.0
好听的lol游戏名字,0.0526315789474
小米手机2,0.157894736842
奈河桥,0.047619047619
尖峰时刻3在哪看免费,0.047619047619
广东体育节目表,0.235294117647
鬼泣3中文版,0.176470588235
毛婷资料,0.111111111111
济南海底世界,0.05
我的世界舞秋风,0.166666666667
cs技巧,0.15
功夫神医,0.222222222222
coc5本完美防御阵型,0.111111111111
作文关于春天,0.05
陕西旅游年票一卡通2015景点,0.166666666667
彭州牡丹,0.047619047619
冯提莫多大,0.0555555555556
精灵梦叶罗丽第1季,0.157894736842
写真样片,0.1
坦克世界挂机软件,0.176470588235
马鸣风萧萧电视剧,0.25
肾宝片的功效与作用,0.3125
三菱吉普,0.0
雅马哈pc1002功放,0.0
现在买房合适吗2015,0.176470588235
融资融券利息,0.0
cdr+x6中文版免费下载,0.111111111111
广东省汕头市,0.05
要死就一定要死在你手里吉他谱,0.176470588235
邓小平孙子携款外逃,0.0555555555556
韩国风俗娘,0.111111111111
夏天的感觉真好作文,0.111111111111
优秀员工推荐理由,0.25
迎驾贡酒价格表,0.111111111111
许银川,0.047619047619
电视剧甄嬛传,0.111111111111
软考软件设计师真题,0.0
笔仙2,0.0526315789474
加勒比海盗,0.0526315789474
qq皮男生肤,0.235294117647
王祖蓝大婚,0.05
天珠变漫画,0.166666666667
革命烈士诗歌,0.047619047619
3366塔防三国志,0.0526315789474
怎么下载评书,0.0555555555556
笔记本cpu排行榜,0.05
五味子苗辽宁大梨树,0.0526315789474
鹰狼传奇国语,0.05
我的世界服务器刷钱bug,0.266666666667
洛克王国开外挂100级,0.176470588235
明日歌,0.176470588235
自由篮球外挂,0.25
双离合,0.166666666667
刘晓燕民间小调全集钱,0.0
移动的枪口,0.166666666667
小标题作文600字,0.166666666667
燃烧电视剧全集土豆,0.05
计算机一级考试,0.105263157895
2014许银川象棋比赛视频,0.111111111111
宾阳吧qq诈骗北街事件,0.0
冰雪奇缘英文版电影,0.111111111111
北京胸科医院,0.1
有趣的活动作文400字,0.0526315789474
上善若水的理解,0.0
指南针怎么看方向,0.0
qq帐号申请,0.0625
我是歌手双年巅峰视频,0.05
末日大逃杀ol下载,0.357142857143
无奈的句子,0.105263157895
lol无限火力活动,0.0526315789474
快递公司排名,0.0526315789474
信用卡逾期还款后果,0.176470588235
理论力学第七版答案,0.0526315789474
破恨南飞原版视频,0.105263157895
浙江嘉善洪溪污水偷排,0.0526315789474
qt刷单平台下载,0.176470588235
耶稣的故事,0.157894736842
雅兰仕tt10驱动下载,0.25
一句话日记,0.111111111111
我的妈妈优秀作文200字,0.0
十二星座婚纱项链等,0.0
灵芝的功效与作用及禁忌,0.05
作文+心中有支欢乐的歌,0.105263157895
谢文东4季义薄云天,0.0
晋级赛规则,0.117647058824
解放军理工大学,0.0952380952381
寻找遗失的未来,0.05
毕业论文课题来源,0.0
win7开机慢,0.125
水煎包,0.105263157895
36选7,0.157894736842
舌尖上的家,0.105263157895
优秀作文300字,0.1
战狼免费观看,0.105263157895
0号胶囊,0.166666666667
校花的贴身高手txt全集免费下载,0.1875
民间风水口诀,0.105263157895
360wifi随身wifi驱动下载,0.176470588235
4399塔防海贼王刷伙伴,0.117647058824
王祖贤,0.0909090909091
澳门风云2国语,0.05
红警4大国崛起,0.277777777778
sd卡修复工具,0.105263157895
赏樱花有感,0.0
战狼吴京高清完整版,0.1
限售股解禁后股价表现,0.0526315789474
7766游戏,0.0526315789474
青青子衿+低糖海苔饼,0.133333333333
冬日十七天,0.157894736842
会计的工作内容,0.117647058824
张全蛋,0.1
好看的qq头像,0.176470588235
洛登上师,0.0
压疮的预防及护理ppt,0.0
陕北说书,0.047619047619
穆丹枫所有作品,0.2
手工制作动物大全,0.0526315789474
特码资料,0.05
酷屏5下载,0.111111111111
快乐的童年作文500字,0.111111111111
进口拉杆箱,0.05
我的世界光影,0.1875
作文+给爸爸妈妈+700字,0.0
lol大嘴,0.166666666667
exo综艺节目,0.1
封神演义,0.0952380952381
桂林电子科技大学,0.0952380952381
蒲公英的岁月,0.0
萌三国辅助,0.176470588235
武逆乾坤txt下载,0.176470588235
肝肾滋是国药准字吗,0.111111111111
李金铭男友,0.166666666667
赛尔米米号盗号器下载,0.0526315789474
御捷马,0.105263157895
机械原理与机械设计习题集答案,0.0
姚峰+三十,0.105263157895
血压低怎么办,0.0
麦当劳宅急送,0.157894736842
tfboys易烊千玺,0.0
威海搬运工工资真实吗,0.0588235294118
九涅吞天txt下载全本,0.0526315789474
澳门风云1电影,0.0526315789474
ehshig蒙古音乐盒,0.235294117647
造梦3逍遥修改器,0.25
东山飘雨西关晴电视剧,0.176470588235
dnf修罗85加点图,0.117647058824
清明祭奠母亲的诗,0.0
加入亚投行的国家名单,0.0526315789474
面豉酱蒸五花肉,0.125
杂粮的种类,0.05
四平天气预报15天,0.0
他们最幸福在线阅读,0.176470588235
济宁房价,0.1875
英语ppt下载,0.111111111111
时政新闻2015,0.166666666667
武汉大学,0.0869565217391
发型设计男,0.210526315789
芜湖港股票,0.0555555555556
丽水信息港,0.166666666667
微信公众平台使用方法,0.0588235294118
旅游合同案例分析,0.0
朕多燕减肥全集中文版下载,0.0526315789474
傲雷模特2014,0.0526315789474
新80s手机电影mp4下载,0.176470588235
小学生身高体重标准表,0.05
地级市市委书记级别,0.0555555555556
微信公众平台文章美化,0.0588235294118
cad2010激活码,0.125
北京地铁7号线东延,0.0
手机窃监听器专卖,0.176470588235
superchina+第三集+字幕,0.117647058824
蓝多多星际精灵全集,0.176470588235
神堂峪自然风景区,0.0952380952381
南京曙光硅烷化工有限公司,0.111111111111
广告合同范本,0.105263157895
逆战怎么刷死神镰刀,0.333333333333
龙口最新招聘信息,0.222222222222
火线精英隐身外挂,0.0
民间非营利组织会计制度,0.105263157895
让我听懂你的语言简谱,0.111111111111
祝福ppt课件,0.0526315789474
海咪咪小姐吉他谱,0.166666666667
大海啊故乡简谱,0.235294117647
音乐下载,0.222222222222
epson680k打印机驱动下载,0.25
我的世界末地传送门,0.111111111111
阿甘正传电影免费,0.105263157895
脚扭伤了怎么办,0.0588235294118
酷屏5,0.235294117647
cs神器时代单机版,0.111111111111
黑执事第二季下载,0.111111111111
迪斯科音乐,0.1
清明节PPT,0.166666666667
荷包豆,0.105263157895
amd与英特尔cpu对比哪个好,0.0
琥珀核桃仁的做法,0.105263157895
美拍视频,0.047619047619
每天一碗美容养生粥,0.0
三星手机数据恢复软件,0.25
亚索视频,0.166666666667
dnf心悦特权专区,0.111111111111
包粽子视频,0.047619047619
烫发发型图片,0.235294117647
中央12台普法栏目剧,0.105263157895
秋葵图片,0.105263157895
公务员照片处理软件,0.2
我所看好的五只券商股,0.0
本田pilot,0.105263157895
刘翔的评价,0.0
湖北国税,0.105263157895
QQ浏览器联营活动,0.166666666667
复印机的使用方法图解,0.0588235294118
三好班级主要事迹,0.0526315789474
怎样做微商,0.0588235294118
斗罗大陆txt全集下载+完整版,0.333333333333
作文教学反思,0.176470588235
修罗老鬼终结6,0.166666666667
战狼电视剧全集吴京,0.1
精深轮回升级攻略,0.111111111111
鸡兔同笼优秀教学设计,0.0
奥迪q7报价及图片,0.1875
傻娘电视剧全集,0.176470588235
游子阾,0.0
婴幼儿毛衣编织,0.105263157895
未来的家乡作文,0.1
2013年广东高考历史卷,0.05
圣经英文朗读带字幕,0.1875
连云港日报电子版,0.307692307692
海苔亿万富翁,0.05
苹果手机7代图片,0.105263157895
新加坡大学排名,0.105263157895
泰国电视剧排行榜,0.176470588235
祖儿在旧金山,0.0
信鸽眼砂结构图,0.0526315789474
最新退休年龄新规定,0.0
2015奶粉品牌排行榜,0.105263157895
崩天txt全集下载,0.0526315789474
计算机论文,0.166666666667
十堰花果正新鸡排电话,0.0526315789474
巧虎乐智小天地学习版,0.294117647059
win7摄像头,0.111111111111
京剧听罢奶奶说红灯曲谱,0.111111111111
7原罪动漫,0.111111111111
20以内退位减法,0.105263157895
十一套健身球,0.05
华南科技大学是985,0.0
s5AP符文,0.133333333333
dnf剑豪加点,0.235294117647
三亚最新招聘信息,0.222222222222
QQ在线登陆,0.1875
描写花的作文,0.1
三字经,0.277777777778
qq炫舞设计师生涯校园考核,0.117647058824
牛仔裤怎么卷裤脚好看,0.111111111111
win10序列号,0.25
epub下载,0.266666666667
电压锅蛋糕的制作方法,0.0526315789474
吹风造型视频,0.0
自制酸奶,0.0454545454545
值班表格式范本,0.0
骄蛮甜心,0.111111111111
复方血栓通软胶囊,0.0
自考组织行为学复习资料,0.0
短息群发,0.05
检阅ppt课件,0.0
路虎发现神行者,0.0526315789474
怎么素描,0.0
声声慢说课稿,0.0
西游记的故事动画片,0.05
s5赛季奖励,0.05
赠予效应,0.0
苹果seid,0.0555555555556
mp3歌曲免费下载大全,0.235294117647
自离通告,0.0526315789474
像小强一样活着,0.0
位面惊雷,0.0526315789474
中学综合实践活动教案,0.0526315789474
嘎鱼炖豆腐,0.05
单位团购房转让协议,0.0526315789474
由于该设备有问题，Windows+已将其停止。+(代码+43),0.0555555555556
学历证明,0.05
2015属羊起名,0.0
淘宝兼职吧,0.05
卡片斗士翔国语版,0.111111111111
三客优理论怎么没了,0.0
大型公益节目《等着我》,0.1
榛子的功效与作用,0.25
思南龙灯,0.05
河南小调,0.05
盛天小世界,0.166666666667
民间借贷司法解释,0.166666666667
巧克力转印,0.105263157895
3地图库,0.047619047619
小鸡炖土豆,0.176470588235
7k7k小游戏小黑游戏,0.0
虎跳峡,0.0526315789474
保证函范本,0.0526315789474
济南轻轨最新规划图,0.105263157895
重庆医疗调价被叫停,0.1
南京晓庄学院,0.142857142857
瑞文视频s5,0.105263157895
都市兵王白俊逸,0.0526315789474
我的洗发水铃声,0.0
育婴师培训课件ppt,0.0
驯龙骑士国语版,0.105263157895
公司组织结构,0.0
毛泽东的故事,0.157894736842
凤凰军机处,0.05
高中生物必修一,0.157894736842
一万年以后bd西瓜,0.117647058824
权力的游戏第五季迅雷下载,0.0526315789474
广告词大全幽默,0.166666666667
我的二哥二艘电视剧,0.0526315789474
我是传奇下载,0.1875
公司理念大全,0.111111111111
红高粱歌曲简谱,0.176470588235
端午节作文,0.05
将相和读后感500字,0.0526315789474
都市征伐,0.157894736842
printwriter用法,0.111111111111
辽宁装备制造职业技术学院,0.0909090909091
牛奶鸡蛋羹,0.05
天弘中证500指数基金,0.111111111111
无上圣尊,0.4
qq头像q友乐园,0.0526315789474
九年庆典新手包,0.0
十一维空间,0.05
贷款利息计算公式,0.0
快手刷双击软件,0.25
春天的作文,0.157894736842
最新的新闻,0.105263157895
2015年深圳房价走势,0.05
lol视频站,0.0555555555556
cs+online2下载,0.0526315789474
地板砖价格,0.111111111111
萌娘守护者,0.461538461538
群发器2015免费版,0.166666666667
幼儿园大班数学教案,0.235294117647
忍者棒球,0.222222222222
天兵进阶,0.25
dnf天光云影套,0.0526315789474
数码宝贝游戏,0.0526315789474
户外游戏活动方案,0.05
和天下香烟价格表图,0.117647058824
李小龙比赛最清晰的录像,0.428571428571
乐峰的东西是正品吗,0.0526315789474
终结者3免费在线看,0.05
苹果id,0.0
印油如何清洗,0.111111111111
包头日报,0.105263157895
变形计11季,0.1
综合实践室活动记录表,0.0
描写春天的古诗,0.105263157895
讯飞输入法电脑版,0.0555555555556
会计实习小结,0.117647058824
房祖名,0.0
雅漾喷雾使用方法,0.166666666667
yy语音,0.166666666667
2015变形记,0.047619047619
司法改革,0.0454545454545
电缆载流量计算公式,0.0
幼儿园读书日活动方案,0.0
港股通股票名单,0.05
迅雷高清电影下载,0.428571428571
真善美伴我行读后感,0.111111111111
关于嘉莉妹妹的1500字双语论文,0.0526315789474
班组建设方案,0.0526315789474
胃热的症状及治疗,0.0
领取头像lol,0.05
离开地球表面,0.1
玉林有吨桶卖吗?,0.0
20以内加减法口算题,0.105263157895
母仪天下,0.235294117647
宜居木门,0.111111111111
cf视频,0.142857142857
特殊工种有哪些,0.105263157895
带着空间玩转还珠,0.133333333333
河北梆子名段欣赏,0.05
玛瑙的功效与作用,0.0555555555556
南京话搞笑视频,0.047619047619
失孤+下载,0.0
幼儿园小班教育笔记,0.0
卖家评价语,0.0
簸箕炊的做法,0.0526315789474
日照渔家乐,0.210526315789
小英雄雨来的资料,0.0
文特沃斯·厄尔·米勒三世,0.0
形而上学,0.0
美猴王,0.0
廊坊旅行社,0.222222222222
近年来高校大学生创新训练项目,0.0
走廊吊顶效果图,0.0555555555556
我是歌手中奖信息是真的吗,0.0
手编手链,0.05
eeuss绿化工具,0.0
move+free维骨力,0.0
3194错误的解决方法,0.235294117647
赛轮金宇股票,0.285714285714
逆战4月活动,0.1
黄一鸣,0.0
小小新娘花歌曲,0.0
孙艺珍在韩国的地位,0.1875
丽东化工,0.0526315789474
奥迪a8选装配置价格表,0.0
芋头糕,0.0555555555556
腌黄瓜,0.166666666667
混沌战域仙翼3升4,0.0526315789474
2015年4月8日鹈鹕vs勇士,0.111111111111
河北省公务员考试真题,0.105263157895
小英雄雨来教案,0.0
清明节扫墓作文600字,0.0
奥里与迷失森林攻略,0.0526315789474
全民斩仙媒体礼包,0.176470588235
川崎玫瑰折法视频,0.1
隋唐英雄传5薛刚反唐,0.0
泰国免税店购物攻略,0.0526315789474
广东吴川身家过亿富豪,0.0
兰舍硅藻泥缺点与优点,0.2
孙善武在洛阳的贡献,0.0555555555556
精神文明建设工作计划,0.05
第二次印巴战争,0.0
奇异果和猕猴桃的区别,0.111111111111
炉石传说新手攻略,0.0555555555556
谢谢观赏的动态图片,0.111111111111
绝世玄天,0.25
死神vs火影改版,0.0526315789474
诛仙魔域5怪点,0.176470588235
恶虎村,0.1
尼尔·伍德,0.0
我的世界奇怪君,0.1
西游降魔篇电影,0.235294117647
饥饿游戏,0.1
关于消防科幻画,0.0526315789474
七颗钻石ppt课件,0.0526315789474
菊李商隐,0.111111111111
金锁固精丸的功效与作用,0.176470588235
c1驾驶证年审新规定,0.176470588235
奶油蛋糕的做法,0.047619047619
噪声容限的含义,0.0588235294118
岳阳楼,0.05
北医六院,0.05
苹果王子童装骗子,0.0
八极拳,0.047619047619
四平王宇最新消息,0.0
重阳节的来历和习俗,0.05
win7耳机没声音怎么设置,0.117647058824
春天在哪里教案,0.166666666667
学汉字视频,0.05
四则运算ppt课件,0.0
黄河颂朗诵,0.1
高铁的对联,0.0
xman全集,0.0526315789474
三一重工,0.157894736842
剑极天下最新章节,0.0
杜威十进分类法,0.0
红石坊国语版,0.176470588235
大时代粤语,0.05
惠州婚庆,0.1
2015教师政治学习内容,0.111111111111
威海职业学院单招,0.0
组织机构代码证年检,0.25
冒险岛主教,0.111111111111
学习日志,0.0
我的世界电梯怎么做,0.235294117647
在线字体转换,0.357142857143
等着我寻亲2015最新,0.0
支付宝提现多久到账,0.0
终极西游,0.0
王立军加刑,0.176470588235
玉石的种类,0.25
毛蛋的做法,0.0
你是幸运玩家吗,0.05
铁板鱿鱼,0.0434782608696
金孔雀轻轻跳教案,0.25
毛线拖鞋编织花样,0.0
冰山上的来客,0.1
正当防卫2和gta5地图,0.111111111111
魔力宝贝,0.0454545454545
有效教学模式学习心得,0.05
cf会员,0.05
免费领q币活动,0.0526315789474
上海同济医院,0.0909090909091
武神风暴最新章节,0.25
手游神武洗宝宝攻略,0.0526315789474
火影忍者贴吧,0.05
十大作曲家声乐作品音乐会,0.157894736842
护甲穿透好还是攻击力,0.117647058824
撕名牌游戏规则,0.166666666667
夜莺的歌声ppt完美版,0.0
宝宝取名,0.111111111111
虐杀原形2修改器,0.0526315789474
枪魂冰子,0.0526315789474
试婚99天全文免费阅读,0.266666666667
非恶意逾期证明范本,0.0526315789474
我心中的美丽乡村,0.0
小儿清热止咳口服液,0.0
化妆需要的基本用品,0.0
神纹道无弹窗,0.111111111111
台湾印象武夷大红袍经典礼盒,0.0
皮蛋瘦肉粥,0.1
尧的意思,0.0526315789474
双簧视频,0.105263157895
傣族舞蹈视频,0.047619047619
卡桑德拉大桥,0.1
绵阳婚纱影楼,0.235294117647
2015年热点新闻,0.176470588235
七台河矿务局刘英志,0.0526315789474
时代商报胡秀丽,0.0
评书鬼吹灯全集,0.176470588235
海贼王全集迅雷种子,0.0526315789474
小班幼儿舞蹈视频大全,0.0526315789474
十六年前的回忆ppt,0.111111111111
致接力加油稿,0.111111111111
南京农业大学研究生院,0.105263157895
三国志姜维传攻略,0.266666666667
职工基本养老保险,0.176470588235
日本拳手来华挑战23秒被ko比赛视频,0.0526315789474
曾小贤老婆,0.05
岩柏手串如何保养,0.0
哀乐葬礼进行曲,0.5
灵书妙探第七季,0.111111111111
豆芽的做法,0.25
造梦西游4坐骑怎么得,0.05
甜地丁,0.0
德州扑克玩法,0.047619047619
鹰冠生态板价格,0.176470588235
883玩游戏平台,0.176470588235
qq斗地主,0.05
压力容器封头标准,0.111111111111
南州六月荔枝丹教案,0.0526315789474
酵母与鸡蛋公主,0.0526315789474
清华大学专业排名,0.0526315789474
蓟县招聘信息,0.222222222222
文森特血虐台服,0.0
最美时光大结局第50集,0.0
澳洲蔓越莓胶囊的功效,0.0
3538kx驱动下载,0.1875
解脲支原体,0.0
世界历史100集,0.3125
左眼皮一直跳是怎么回事,0.176470588235
pestel分析案例,0.176470588235
会计凭证装订方法图解,0.176470588235
自我保护的作文500字,0.111111111111
qq空白名字复制,0.0526315789474
开封驾校一点通科目四,0.1875
dota地图,0.176470588235
excel快捷键大全,0.166666666667
杀马特,0.05
我的电脑没有声音怎么办,0.176470588235
丹麦天使,0.166666666667
360云盘+登录,0.105263157895
亚索哪个皮肤好看,0.0555555555556
春晓舞蹈视频,0.111111111111
linux+blast+的使用,0.176470588235
嫦娥一号,0.176470588235
2015+4月装修开工吉日,0.0555555555556
防恐防暴知识,0.05
山东泰山,0.05
先声药业,0.05
海量资源下载站,0.05
通报怎么写,0.0
广西中小学教师招聘,0.1
萱妍堂是传销吗,0.05
代理ip,0.1875
奥特曼格斗进化3小游戏,0.0526315789474
你是我的眼+萧煌奇,0.0454545454545
飓风营救3种子下载,0.111111111111
开智明目功,0.0
珊瑚海海战,0.1
亲属关系证明,0.176470588235
鹏华普天收益今日净值,0.0526315789474
挖掘机表演,0.1
a67手机电影mp4高清,0.0526315789474
八门神器ios版,0.1
喊麦词大全,0.235294117647
郑多燕小红帽中文版,0.05
爸爸去哪儿2+电影,0.047619047619
巩义二手房,0.0526315789474
3dmax2012中文版免费下载,0.25
死飞视频,0.047619047619
简短的辞职后离别感言,0.111111111111
韩束化妆品价格表,0.111111111111
赛马二胡独奏简谱,0.117647058824
我的世界刷怪笼怎么做,0.2
买房注意事项,0.0
小小的船儿歌视频,0.0
海灯传奇,0.105263157895
企业邮局,0.0555555555556
动画片七原罪全集,0.0526315789474
狼图腾小说,0.105263157895
qq家园登陆,0.0
卡盟名字,0.117647058824
qq分组带符号带繁体字,0.0
大学毕业论文范文,0.0
红烧鸡腿,0.105263157895
白云公园门票团购,0.0
etf基金,0.0526315789474
星光大道2005,0.05
公务员辞职,0.105263157895
英雄联盟领取头像,0.0
心理学专业,0.111111111111
古墓丽影9攻略,0.1875
高铁地图高清版,0.166666666667
高效学习法,0.0526315789474
你是我的姐妹电视剧,0.1
qq炫舞旅行挑战18期,0.0526315789474
极品太监猎美传奇,0.0526315789474
道客巴巴怎么免费下载,0.266666666667
中铁四局五公司,0.05
时尚王,0.222222222222
轻松时刻,0.0454545454545
环亚国际,0.0
儿童游乐设备,0.05
历史上的今天4月11日,0.105263157895
陕西大正电器有限公司,0.0526315789474
我的世界开服器下载,0.0555555555556
2014年烟台中考数学试题及答案,0.1875
昆仑决最新比赛视频2015,0.047619047619
上海电子地图,0.3125
海底小纵队3,0.105263157895
变废为宝手工制作房子,0.0
win7旗舰版永久激活工具,0.266666666667
电饭煲蛋糕,0.05
王爷的弃妃,0.235294117647
水木年华的歌,0.166666666667
山东地税,0.157894736842
支付宝透支怎么开通,0.0555555555556
泥鳅的营养价值及功效,0.105263157895
北京平四,0.1
纸飞机儿童摄影,0.105263157895
革命现代京剧智取威虎山,0.0
索马里120天,0.0526315789474
cf0元道具领取,0.428571428571
绾青丝,0.0909090909091
中班数学教案,0.105263157895
火影忍者游戏究极风暴,0.105263157895
方太集团,0.1875
鹤舞飞翔,0.157894736842
cnki翻译助手,0.235294117647
真三国无双4,0.235294117647
粉红玛丽,0.105263157895
上呼吸道感染症状,0.105263157895
游戏王5ds,0.0526315789474
寻迹孔子故里的教案,0.0526315789474
古川雄辉,0.0
孙善武冤案,0.235294117647
世纪审判,0.105263157895
兔子舞教学视频,0.235294117647
3d旋转矩阵,0.0526315789474
directx+runtime最新版,0.0
晋中教育平台,0.105263157895
海贼王下载全集+下载,0.0526315789474
广州志愿者,0.15
红米usb调试在哪,0.0
科目三灯光模拟考试桑塔纳,0.05
electro+drum+pads+24谱子,0.111111111111
mc小洲2015经典语录2歌词,0.176470588235
水云诗面膜怎么样,0.05
160706+嘉实300,0.235294117647
高云翔董璇儿子的照片,0.0
我的世界新月至尊,0.235294117647
告白视频制作,0.0555555555556
如何用ps修改图片文字,0.0588235294118
苹果5报价,0.157894736842
潍坊滨海新纪元学校,0.0526315789474
火影忍者国语,0.294117647059
龙族3,0.166666666667
殷桃小丸子国语,0.05
实习生电视剧,0.117647058824
基础研究和应用研究的区别,0.1875
五年级三单元作文,0.05
占用内存小的浏览器,0.117647058824
htc+e8时尚版,0.176470588235
qq姐妹头像两张带字,0.0526315789474
山西高中毕业证书图片,0.117647058824
七骑士,0.0526315789474
生活大爆炸第一季,0.222222222222
爆枪英雄辅助最新版,0.111111111111
2015新娘发型图片,0.05
关于悠悠球的PPT,0.0
神级建模师,0.0526315789474
舌吻的方法与技巧,0.125
陆毅和袁立,0.0
2015生肖卡,0.0
易宝支付,0.047619047619
2015河北企业退休养老金调整,0.0
bt5中文版下载,0.176470588235
大鸿米店完整版,0.166666666667
源君物语,0.166666666667
2015克隆空间,0.111111111111
北京旅游地图,0.1
月光曲,0.166666666667
qq免费气泡,0.0588235294118
吉林延边大学研究生录取,0.166666666667
时间煮雨qq空间链接,0.0555555555556
甘姿堂净白时代,0.0526315789474
亚冠联赛,0.0
穿越秦时明月小说大全,0.1875
4399弹弹堂3无限点券,0.0
素描几何体,0.105263157895
2014金鹰节颁奖晚会,0.047619047619
若风年收入,0.25
音乐编辑软件,0.047619047619
温暖的记忆满分作文,0.105263157895
极品新娘29集,0.111111111111
广汽传祺gs4最新消息,0.0
浪漫满屋泰国版,0.05
山东职业学院单招试题,0.0526315789474
企业所得税是国税还是地税,0.0526315789474
日本购物攻略,0.117647058824
童话村电影大全观看,0.111111111111
清明节扫墓作文450字,0.0
毕福剑现任老婆,0.05
男孩子好听的名字,0.111111111111
星月菩提子怎么盘,0.0
无敌铁桥三全集下载,0.111111111111
3d打印模型下载,0.266666666667
mtv制作软件,0.0526315789474
李钟硕综艺,0.176470588235
手机进水屏幕黑屏,0.333333333333
吊顶造型,0.0
我的作文300字,0.166666666667
贵州斗牛2015,0.157894736842
最强大脑第三季,0.0
通知的格式及范文,0.166666666667
名爵锐腾怎么样,0.222222222222
5555深海导航,0.0
简单易学的英文歌,0.117647058824
眼保健视频,0.1
lol边框怎么领取,0.0666666666667
走过那一拐角+作文,0.105263157895
有标题和题记的作文,0.176470588235
花都战兵,0.0526315789474
胃酸怎么办,0.0
香港六和釆马会开奖结果,0.0
我的世界黄金怎么挖,0.0555555555556
搞笑名字大全,0.1
陕西那里招挖掘机修理工,0.0
鸡汤的做法,0.105263157895
十跪父重恩哭灵歌,0.111111111111
郑和远航ppt,0.0526315789474
小小猫和老鼠,0.05
新装修的房子多久可以入住,0.235294117647
ADC符文,0.166666666667
天将雄狮票房,0.157894736842
巴西任务,0.176470588235
电磁炉工作原理,0.0
2015cf活动大全,0.1
杜比音效下载,0.428571428571
坦克世界黑豹配件,0.117647058824
侠盗罪恶都市作弊器,0.176470588235
陋室铭ppt,0.111111111111
qq分组男生伤感+帅气,0.0526315789474
魔兽3冰封王座地图,0.2
眼线怎么画好看,0.125
lol大脚自制皮肤,0.176470588235
益玩梦幻西游,0.333333333333
360音乐,0.111111111111
银行贷款利率,0.125
竞选文艺委员发言稿50,0.0526315789474
学习讨论落实活动心得体会,0.111111111111
舒缓眼睛疲劳,0.0
分时线和价格的关系,0.111111111111
nba回放录像,0.166666666667
如何腌制香椿芽,0.0588235294118
转氨酶,0.0555555555556
名侦探柯南小栗旬电影,0.0
1000种死法第六季,0.176470588235
纯妍堂酵素梅价格,0.105263157895
开开木门,0.111111111111
走廊玄关壁画墙纸,0.0555555555556
神武ps还魂孩子计划书,0.333333333333
新地杂志,0.0
数学公式编辑器,0.105263157895
变形计20150405期,0.0
制作表格的软件,0.111111111111
春季皮肤护理,0.0625
小数点位置移动规律的应用优秀教学设计,0.0526315789474
最强大脑范冰冰完整版,0.105263157895
hp5200lx打印机驱动下载,0.357142857143
鱼香茄子,0.105263157895
笔记本电脑摄像头咋开,0.0
金刚狼,0.047619047619
tf小游戏大全,0.111111111111
px词条保卫战,0.0
黑道小说改编的电视剧,0.176470588235
we+vs+eu偷塔狂魔,0.111111111111
cf电脑配置要求,0.0625
石家庄曝气膜,0.0555555555556
银河护卫队2,0.05
动漫七大罪,0.05
罗非鱼,0.047619047619
全国重点高中排名,0.105263157895
cctv新闻,0.0
dnf特级职业转换书怎么没了,0.333333333333
2015韩版夏季服装图片,0.0526315789474
雷电颂ppt,0.117647058824
弥渡山歌,0.0
原子弹爆炸视频,0.1
我的世界地图编辑器,0.176470588235
简历模板下载word格式免费下载,0.166666666667
千叶樱华漫画,0.0526315789474
英雄联盟主界面白屏,0.117647058824
在哪里可以买yy6位永久ID？,0.0555555555556
公文写作基础知识,0.105263157895
哈尔滨直辖市,0.111111111111
七寻记漫画,0.3125
对海伦凯勒的评价,0.0526315789474
股指吧加盟,0.05
烈探狙击,0.05
同学生日祝福语,0.166666666667
驾驶证换证,0.0
2015年公务员工资标准,0.176470588235
武义牛头山,0.0555555555556
暖心句子,0.166666666667
金刀峡,0.0952380952381
巧虎开心万圣节,0.111111111111
河南邮政公司,0.294117647059
4399游戏盒下载到电脑,0.176470588235
怎样设置二级无线路由器,0.0588235294118
cfm37ss在哪买,0.0
毕业设计任务书,0.05
卧室设计,0.111111111111
kx3552调音台皮肤下载,0.111111111111
C#Login控件数据库验证原码,0.0526315789474
维生素e软胶囊,0.047619047619
腾讯视频下载,0.125
尼罗鳄的天敌,0.0
千机变2花都大战国语,0.25
海贼王684,0.05
离职报告,0.235294117647
西甲联赛,0.0454545454545
加好友软件,0.111111111111
有温度的话语作文600字,0.105263157895
12星座配对,0.105263157895
热血传奇完整客户端下载完整版,0.4
香港电视剧+乾隆大帝,0.105263157895
关于大自然的资料,0.05
比例的应用ppt,0.0555555555556
儿童歌曲视频大全连续,0.157894736842
枣树栽培技术,0.105263157895
山东医改乡村医生待遇,0.111111111111
我对你的敬仰犹如滔滔江水,0.105263157895
坦克大战经典版,0.142857142857
如何投资B股,0.05
木星上行高清下载,0.111111111111
下载360免费wifi,0.235294117647
守护甜心第4季全集,0.0
时间都去哪了王铮亮mp3下载,0.176470588235
法制宣传心得体会,0.05
神武经验计算器,0.0
搞笑西游,0.1
tfboys音悦v榜盛典2015,0.05
落日怅望古诗赏析答案,0.333333333333
qt语音刷单兼职靠谱吗,0.0625
异界全职业大师txt全集下载,0.0
战术直刀,0.105263157895
拉丁舞比赛,0.047619047619
我的世界迷路怎么回家,0.125
化疗和中药同时进行吗,0.117647058824
红烧鸡块,0.105263157895
肤力康,0.0588235294118
玫瑰行动电视剧全集,0.235294117647
用蚂蚁和樟脑丸做实验,0.0526315789474
流星蝴蝶剑外挂,0.111111111111
圣手狂枭,0.285714285714
叙利亚狙击手爆头视频,0.176470588235
玫瑰糠疹怎么引起的,0.117647058824
15万新农村别墅设计图,0.0526315789474
泰拉瑞亚联机平台,0.125
沈腾马丽小品大全集,0.333333333333
杀破狼2迅雷下载,0.235294117647
澳门风云2高清观看,0.05
巴拉拉小魔仙演员表图片,0.111111111111
五笔打字游戏在线练习,0.176470588235
渐进老花镜,0.0
魂王的遗迹怎么打,0.25
摇滚乐,0.05
编织包包,0.157894736842
ipclient监控软件下载,0.333333333333
打开心中的那把锁作文,0.105263157895
学习双学双严心得体会,0.117647058824
海底小分队,0.0952380952381
权力征途,0.111111111111
4399机甲旋风2,0.0526315789474
china+daily+双语新闻,0.0
小品搞笑大全,0.0588235294118
货币战争,0.0
玲珑塔喊麦,0.222222222222
银行卡,0.0
刘福友书法价格,0.176470588235
名侦探柯南迅雷下载mp4,0.0
鹊桥仙·纤云弄巧+秦观,0.0526315789474
金身二觉刷图加点,0.0555555555556
快乐的星期天作文200字,0.25
白银价格,0.166666666667
反问句大全,0.166666666667
2015年dnf51套,0.105263157895
席琳迪翁经典歌曲,0.157894736842
斑马斑马吉他谱,0.166666666667
毕姥爷饭局视频,0.047619047619
苗族教育,0.0
拔丝芋头,0.105263157895
dnf天帝,0.1
空格复制,0.166666666667
4999小游戏,0.235294117647
感悟名言作文600字,0.0526315789474
关于tfboys的游戏,0.166666666667
cfbug视频,0.05
无畏天马蓝宝石历险记,0.111111111111
2015绩优股有哪些,0.0526315789474
魔王与勇者与圣剑神殿,0.105263157895
婷美化妆品,0.157894736842
阳光体育，快乐足球征文,0.176470588235
衡水金棕榈影讯,0.1
笠翁对韵精解,0.0555555555556
练胸肌最好的方法,0.111111111111
无机化学第二版课后习题答案,0.111111111111
柠檬蜂蜜水,0.0
山西医科大学研究生院,0.3125
加油稿,0.3125
微聚美贺卡,0.176470588235
黑丝白浆,0.0
物流业运行分析,0.105263157895
收入证明范本下载,0.3125
盐酸氨基葡萄糖胶囊,0.05
黄金魂,0.05
天龙sf,0.05
房屋勘探设计招标文件,0.0
无双宝鉴,0.222222222222
水浒传读书笔记,0.117647058824
混沌天体5200,0.0555555555556
优酷电影力王监狱风云,0.0
木府风云,0.05
美国新闻,0.0
钰盈堂净颜梅怎么样,0.0
清华英语陪练机,0.0
小小智慧树2013全集,0.0
明天会更好指挥手势图,0.0
gif制作软件下载,0.105263157895
生死狙击免费刷枪软件,0.25
桃花的功效与作用,0.111111111111
驾校宣传语,0.105263157895
军校排名2014排行,0.05
lol笑话段子,0.05
竞选生活委员发言稿+五年级作文,0.0526315789474
新视野英语2课后答案,0.05
营销和销售的本质区别,0.05
洪荒小说完本排行榜,0.117647058824
2014年神秘禁飞事件,0.0555555555556
微信批量加好友软件,0.538461538462
全面战争mod资源站,0.176470588235
ps+cc破解版下载,0.266666666667
哥斯拉,0.0454545454545
环保标志,0.0
精功科技,0.2
西游记游戏,0.25
申购单,0.05
凉拌木耳洋葱的做法,0.166666666667
灵鼎txt全集下载,0.25
护士节舞蹈,0.0
家庭装修,0.166666666667
属猪2015年运势,0.176470588235
dnf天帝刷图加点,0.384615384615
南方电视台今日一线,0.1
图片制作带字,0.0
呼和浩特市地图,0.235294117647
葡萄园里的那男子国语,0.0526315789474
清半夏,0.0
苏州和联集团招聘骗局,0.0
校本培训计划方案,0.05
合肥到南京,0.0
大学生职业规划书word,0.111111111111
搜索引擎,0.157894736842
责任追究制度,0.176470588235
刷单怎么刷,0.0
海鸥手表,0.15
闻一多先生的说和做朗读,0.111111111111
岳阳楼记ppt免费课件,0.0526315789474
黄土高原纪录片,0.047619047619
首领的小猫txt下载,0.1875
鼎盛军事,0.15
苹果树花前复剪,0.0526315789474
重庆酸辣粉的做法,0.105263157895
综艺等着我,0.15
小企业会计准则适用范围,0.05
血液循环ppt,0.05
电子猫眼+天津,0.0
电梯应急预案,0.105263157895
销售团队激励口号,0.166666666667
逆战天梯外挂,0.0
红歌大全,0.157894736842
双汇瘦肉精事件简介,0.176470588235
梦三国幸运值,0.117647058824
台式电脑,0.222222222222
secsetupwizard已停止怎么解决,0.25
《钟馗伏魔：雪妖魔灵》,0.047619047619
lol大脚,0.05
抑郁症的表现,0.0
近视眼激光手术,0.0526315789474
终极蜘蛛侠第二季国语版,0.117647058824
我和父母教学设计,0.0
高考加油祝福语,0.166666666667
工作经历怎么写范文,0.111111111111
太阁立志传6修改器,0.461538461538
忠犬八公观后感,0.05
创业计划书模板word,0.0526315789474
做摄影师助理有前途吗,0.0555555555556
2015年4月解禁股,0.05
奥特曼传奇国语版,0.117647058824
大话2孩子神结局攻略,0.166666666667
农业银行贷款利率,0.166666666667
珍惜生命主题班会教案,0.25
皮肤暗黄怎么调理,0.0
我的世界枪械mod,0.166666666667
工科大学排名,0.176470588235
河南社会服务渠道,0.0526315789474
我的世界多玩盒子电脑版,0.176470588235
华西口腔医院,0.1
造字软件,0.307692307692
新三国演义全集高清,0.1875
怎么压缩图片,0.0588235294118
白瓜子,0.0
诛仙2,0.15
红警3修改器,0.4
夏日杀手国语,0.05
泥娃娃儿歌视频,0.25
旗帜奶粉,0.166666666667
鲅鱼的做法,0.05
乌鸡白凤丸功效与作用,0.0
自主招生班主任推荐信,0.0
古钱币图片及价格,0.25
索尼l36h救砖强刷固件,0.111111111111
奇葩说第二季,0.0
多特单机游戏下载,0.25
cf英雄武器换购第三期,0.047619047619
班徽设计图案大全,0.266666666667
清蒸鸡的做法,0.1
毕福剑《智取威虎山》,0.0
柯南大结局,0.105263157895
七星烟,0.176470588235
移动开钻代码,0.166666666667
梅根·福克斯,0.157894736842
大通证券神通版+下载,0.166666666667
黑玛瑙,0.05
无限挑战迅雷下载,0.111111111111
世界地球日主题班会,0.05
时尚王国语版全集优酷,0.0
sod霜,0.0
琳琅电动,0.05
dnf附加伤害的装备,0.266666666667
合肥地铁规划线路图,0.111111111111
本溪中绿,0.0
澳门风云2在线观看粤语,0.222222222222
观课记录,0.05
swisse蔓越莓,0.105263157895
松子仁,0.0526315789474
4k壁纸,0.166666666667
tfboys歌曲,0.0
赛罕区小学排名,0.25
天府新区,0.0
001166基金,0.0526315789474
W7主题,0.111111111111
朱雀记漫画,0.235294117647
智取威虎山毕福剑,0.047619047619
强弱电间距,0.25
雀圣2粤语,0.357142857143
拉摩力拉牌玛卡片,0.157894736842
保定驾校一点通科目四,0.25
榻榻米价格,0.157894736842
国际象棋怎么玩,0.0526315789474
剑灵南天国金币转盘表一览,0.25
梦想的力量主要内容,0.157894736842
星三角启动接线图,0.05
董璇高云翔婚礼,0.157894736842
2015年4月14日新股申购一览表,0.105263157895
bt软件,0.105263157895
智取威虎山下载地址,0.05
黄山温泉哪个好,0.047619047619
走进毛泽东观后感,0.105263157895
以乔四为原型的电视剧,0.0526315789474
2015年音乐风云榜,0.0
收款委托书模板,0.176470588235
瑞虎5和哈弗h6哪个好,0.222222222222
排球规则,0.105263157895
摆盘花样+做法,0.461538461538
nba+2k+online盒子,0.0526315789474
电脑fps低解决办法,0.133333333333
嗜血狂后鱼子兰,0.235294117647
钢笔字比赛报道,0.0
新时代通达信独立委托,0.333333333333
经营设施+设备目录,0.0526315789474
斗罗大陆2漫画全集,0.105263157895
mma综合格斗2015,0.047619047619
商丘学院,0.0454545454545
miss排位日记vn,0.047619047619
篮球在线,0.357142857143
谢文东4季电视剧+全集,0.0526315789474
魔兽世界坐骑,0.176470588235
面膜多久做一次,0.111111111111
资本运作正面报道,0.157894736842
蜘蛛侠电影,0.0526315789474
验证码接收平台,0.0
过华清宫,0.0526315789474
龙魂至尊全集免费,0.111111111111
足球骑士国语版,0.1875
剑灵动作快捷键,0.117647058824
切开的水果怎么画,0.111111111111
中南海的枪声,0.25
阅读的乐趣,0.166666666667
qq三国boss精元怎么得,0.0
红楼梦在线阅读,0.176470588235
星星诗刊,0.111111111111
精灵梦叶罗莉第三季,0.0526315789474
公主动画片大全,0.285714285714
公司绩效员工工资调整通知,0.0
7406芯片,0.0
龙煤集团最新消息,0.105263157895
儿童经典诗歌散文朗诵,0.0526315789474
项目合作协议书,0.05
蛋清蜂蜜面膜可以天天做吗,0.117647058824
世纪伟业家校通,0.111111111111
2014cad下载,0.111111111111
江苏地税,0.235294117647
三菱plc仿真软件下载,0.166666666667
中央民族大学信息门户,0.235294117647
2034盒子破解版,0.166666666667
分家协议书范本,0.166666666667
电影爸爸去哪儿2在线观看完整版,0.0
2015驾驶证科目一练习,0.176470588235
洛阳看牡丹哪里最好,0.0526315789474
红与黑读后感,0.157894736842
photoshop+cs3中文版,0.25
南国早报,0.117647058824
学会合作第二段仿写,0.0
保定市直隶花园楼盘,0.0
德云社2015封箱完整版,0.166666666667
关联词大全,0.235294117647
三揭皇榜,0.25
消费税纳税申报表下载,0.0526315789474
金地格林东郡,0.047619047619
1997年巴西对阵法国，卡洛斯的重炮任意球,0.235294117647
cf战队名字英文,0.111111111111
photoshop破解版下载,0.235294117647
罗丹曾说过美是到处都有的,0.0526315789474
广西最低工资标准2015,0.235294117647
3dmax2010中文版下载64位,0.25
个子矮微胖的穿啥衣服,0.111111111111
春天在说话伴奏,0.0555555555556
学习标兵申请书,0.0526315789474
青岛理工大学,0.0952380952381
终极一班,0.047619047619
nvidia显卡驱动下载,0.235294117647
幼儿园看图编故事,0.0
上海地铁15号线最新线路图,0.166666666667
gta5联机,0.166666666667
2015国务院3号文件,0.105263157895
英雄联盟英雄大全,0.176470588235
辛亥革命观后感,0.166666666667
国内外农村生活的资料,0.0588235294118
2015退休涨工资方案,0.0
奥黛丽赫本最经典照片,0.0
魂斗罗4铁血兵团无敌,0.235294117647
南方全球,0.166666666667
优酷下载器,0.105263157895
ps做立体字,0.125
嘉善取力器,0.111111111111
魔方格,0.157894736842
淘宝天天特价报名要求,0.0555555555556
闪字在线制作,0.25
CBA四川天津群殴,0.105263157895
2015年滞涨股一览,0.111111111111
摄像头驱动,0.176470588235
奖状格式,0.1875
dnf元素爆破师刷图加点,0.111111111111
qq会员中心,0.111111111111
阿盟地震,0.05
dnf大叔二觉哪个厉害,0.2
下旋球,0.0526315789474
设计师简历,0.235294117647
数据恢复软件,0.0
档案在自己手里怎么办,0.0555555555556
战地2修改器,0.3125
欢乐英雄转大赛版,0.0
童装品牌排行榜,0.111111111111
hp1008打印机驱动下载,0.428571428571
断喉剑,0.176470588235
凯立德导航升级免费版,0.0
东风风行S500即将面市,0.05
笔记本电脑定时关机怎么设置,0.0
描写雨景的作文,0.0
苹果5s怎么设置铃声,0.0625
林黛玉进贾府教案,0.235294117647
金刚结的编法图解,0.25
台湾宝岛导航,0.0526315789474
怎么练肌肉,0.0588235294118
office2003兼容2007,0.3125
qq三国名字大全,0.111111111111
制作视频的免费软件,0.05
福睿斯油耗,0.461538461538
国内邮政小包快递单号,0.0526315789474
最近三河燕郊新闻,0.105263157895
天津航母主题公园,0.222222222222
360游戏保险箱,0.235294117647
内热的症状,0.0588235294118
味可滋鹿晗,0.047619047619
现金流量表模板+xls,0.0526315789474
我的公主国语版,0.0
描写眼睛的优美句子,0.0
关于团结的歌曲,0.0
三十年战友聚会发言稿,0.111111111111
dnf活动专区,0.157894736842
黄金岛历险记,0.166666666667
公务员辞职规定,0.05
恒星科技,0.1875
世纪购,0.166666666667
医疗机构设置申请书,0.0
苏打水,0.1
制药与检验类专业,0.0
火影忍者壁纸,0.3125
支付宝登录入口,0.0
别克英朗xt,0.25
狼图腾下载迅雷,0.047619047619
丽文正经话2015,0.0526315789474
皇家特工迅雷下载,0.111111111111
逆战boss大全,0.176470588235
唐唐big笑工坊2015,0.1
大排档利润,0.0526315789474
久游一卡通,0.111111111111
葱油饼,0.111111111111
理工附中分校怎么样,0.111111111111
中华鲟,0.05
163邮箱登陆,0.176470588235
云南自助游,0.1
photoshop破解版下载免费中文版,0.235294117647
傲慢与偏见,0.0
8010豹子号,0.0526315789474
国漫排行榜,0.166666666667
送东阳马生序,0.157894736842
刀塔传奇噩梦远征国家队,0.166666666667
龙氏正骨,0.0
建筑设计防火规范2014下载,0.25
腾讯自选股电脑版下载,0.25
我的世界服务器地址,0.111111111111
开淘宝店怎么找货源,0.0625
英雄联盟生日礼物怎么领取,0.1875
沈阳电视台,0.157894736842
英雄联盟维护公告在哪看,0.0
毛家红烧肉,0.105263157895
下载2003金山打字,0.461538461538
动物园术士卡组,0.333333333333
婚礼男方父亲经典致辞,0.111111111111
儿童戏曲大全,0.0
华夏全球精选,0.176470588235
国发2015年3号全文,0.235294117647
梦幻西游手游地府宝石,0.157894736842
冰川时代3,0.157894736842
李钟硕穿的鞋子,0.047619047619
give+it+up攻略,0.0
怎么贴双眼皮贴,0.0
海藻面膜,0.1875
武媚娘传奇台湾版,0.157894736842
怎么把电脑上的视频传到苹果手机上,0.214285714286
广电局封杀动漫,0.0526315789474
十一运夺金追号计算器,0.0
炸馓子的做法,0.125
压强教学设计+一等奖,0.0
宇宙年龄,0.05
收针方法,0.0
hypersnap破解版,0.235294117647
战龙三国坐骑进阶数据,0.117647058824
北京万科蓝山咖啡厅,0.0526315789474
see+you+again歌词中文,0.0555555555556
杨建平昆仑绝最新比赛,0.0
北京旅游地图高清版,0.428571428571
会计报表附注模板,0.105263157895
touch炫舞过客,0.333333333333
徐州保时捷中心,0.105263157895
增压泵+家用,0.05
抗日英雄的故事,0.0526315789474
会计资格考试题库,0.0555555555556
五年级黑板报花边大全,0.0
热血江湖SF,0.0526315789474
2015年中考体育项目,0.105263157895
众泰t600运动版,0.0
古筝名曲,0.222222222222
葡萄石价格,0.05
mp3下载+免费下载,0.25
跳远加油稿大全,0.0526315789474
组织机构代码证,0.0526315789474
obee+v10+手机价格,0.111111111111
贵州遵义道真县的风景,0.0526315789474
轻快的音乐,0.0952380952381
电脑刷钻代码,0.176470588235
cs5中文版下载,0.266666666667
翡翠墨翠无事牌,0.0
台湾面膜排行榜,0.3125
蒙古东征路线图,0.0
同仁堂药店,0.105263157895
微信抢红包群二维码,0.166666666667
豆芽的做法,0.25
腾讯qq2015,0.105263157895
林氏六音,0.05
中央教育频道,0.105263157895
赵文龙事迹,0.0
斯巴达克斯第一季高清,0.105263157895
十一级台阶,0.05
胡维纳,0.0454545454545
珍惜时间的计划书,0.176470588235
降低敏感度最好的方法,0.117647058824
马大帅1,0.235294117647
当幸福来敲门,0.105263157895
赛文·奥特曼,0.05
图片处理软件在线,0.583333333333
国际音标发音表flash,0.176470588235
图片格式转换器,0.235294117647
申诉qq,0.0
unity中json读取,0.0
电信猫怎么设置wifi,0.0
我的世界火怎么得,0.117647058824
升膜蒸发器的结构图,0.111111111111
眉毛怎么画好看图解,0.0
神探驾到免费观看,0.047619047619
客厅吊顶装修效果图,0.25
1945年美军和苏军谁强,0.0526315789474
小孩满月贺词,0.235294117647
豆客平台下载,0.166666666667
匆匆那年免费观看,0.117647058824
融券标的股票名单,0.105263157895
火影忍者ol联盟区怎么进,0.25
东京漂移高清完整版,0.111111111111
赛尔号外挂下载,0.105263157895
深航刘瑞琦,0.047619047619
鼻中隔弯曲手术后遗症,0.0555555555556
cfm4a1使用技巧,0.117647058824
二手帕萨特,0.3125
加州旅馆,0.0
应急演练计划,0.105263157895
优钻洗发水怎么样,0.111111111111
糖醋排骨的做法,0.235294117647
卡西利亚斯,0.047619047619
无地自容吉他谱,0.105263157895
烧烤配料,0.1
烈火如歌,0.235294117647
煎熬mv,0.05
全国大学排名,0.0526315789474
青岛市地图,0.235294117647
恋恋有词2015电子版下载,0.0526315789474
微视角怎么赚钱,0.105263157895
全民泡泡大战,0.0952380952381
驾驶座椅怎样调节合适,0.0526315789474
我的天使漫画,0.235294117647
数字证书客户端下载,0.125
hpmc纤维素,0.0555555555556
声明书格式,0.166666666667
劳动节的习俗,0.0526315789474
节气歌朗读,0.235294117647
贵州省黔西南州2015年英语中考模拟试题,0.0526315789474
血糖仪,0.105263157895
工行信用卡分期手续费,0.235294117647
燕京理工学院是几本,0.117647058824
udc分类号,0.176470588235
经济师挂靠,0.176470588235
去黑眼圈小妙招,0.105263157895
小号指法表,0.0
秦始皇陵地宫,0.105263157895
重庆酉阳二中综合素质评价,0.0526315789474
芦山县委书记被免职,0.0
叶罗丽娃娃店在哪,0.0
小马激活工具win8,0.25
武汉有哪些好玩的地方,0.05
比高外用油膏,0.0
ps艺术字体打包下载,0.176470588235
qq怎么截动态图片,0.176470588235
2015年工资改革方案最新消息,0.0
催泪动漫,0.166666666667
艾叶泡脚的功效与作用,0.166666666667
品牌折扣店在上海地址,0.176470588235
2015最新手机,0.166666666667
dnf异界套升级85,0.357142857143
a67手机电影mp4高清,0.0526315789474
dvd转换器,0.25
怎样给孩子写评语,0.05
胎儿体重计算公式,0.111111111111
马拉多纳,0.05
新捷达,0.266666666667
元角分的认识,0.0
开永久雷诺,0.05
贝瓦故事,0.176470588235
米派手机,0.0454545454545
梅花三弄笛子曲谱,0.176470588235
紫金矿业的历史价格,0.125
汤姆猫搞笑视频小苹果,0.105263157895
双链接单子怎么做,0.111111111111
罗汉松造型,0.176470588235
word文档修复工具,0.235294117647
科目二倒库找点技巧,0.0
刀剑神域qq头像,0.0
风云无双辅助,0.176470588235
国家资助+励志青春征文美文,0.111111111111
金铃怨攻略,0.1875
gta5ol刷钱,0.176470588235
徐州驾校一点通,0.176470588235
虎式坦克,0.05
稀有录像馆,0.05
家庭教师国语,0.176470588235
玫瑰战争林笛儿,0.0555555555556
ps字体,0.235294117647
黔金丝猴,0.05
日本旅游攻略,0.157894736842
自考英语二历年真题,0.176470588235
火影忍者ol土主95忍考,0.25
圣亚海洋世界,0.1
怎样开红酒瓶塞,0.05
赛尔号东哥辅助最新版,0.0
怎样练就明星气质,0.0
印度电影新年快乐,0.1
蜘蛛纸牌,0.222222222222
心理剧剧本,0.105263157895
退休工资最新规定2015,0.25
怎么剪膝盖破洞牛仔裤,0.176470588235
灵魂球神,0.111111111111
腾讯游戏大全,0.375
攻略星座殿下,0.166666666667
龙珠国语,0.105263157895
最新东盟南海声明全文,0.0
窗花的剪法,0.111111111111
excel转换器,0.25
2015青岛登山节是哪天,0.0526315789474
