baidu_reciprocal_of_the_rank_of_the_first_identical_url,baidu_average_of_reciprocal_of_the_rank_of_the_identical_urls,baidu_fraction_of_identical_urls_first_screen,baidu_had_identical_url_first_screen,sogou_reciprocal_of_the_rank_of_the_first_identical_url,sogou_average_of_reciprocal_of_the_rank_of_the_identical_urls,sogou_fraction_of_identical_urls_first_screen,sogou_had_identical_url_first_screen,delta_reciprocal_of_the_rank_of_the_first_identical_url,delta_average_of_reciprocal_of_the_rank_of_the_identical_urls,delta_fraction_of_identical_urls_first_screen,delta_had_identical_url_first_screen,char_length,word_length,baidu_reciprocal_of_the_rank_of_the_first_vertical_result,baidu_position_y_of_the_first_vertical_result,baidu_height_of_the_first_vertical_result,baidu_reciprocal_of_the_rank_of_the_first_result_with_image,baidu_position_y_of_the_first_result_with_image,baidu_height_of_the_first_result_with_image,baidu_fraction_of_vertical_results_first_screen,baidu_area_fraction_of_vertical_result_first_screen,baidu_fraction_of_results_with_images_first_screen,baidu_area_fraction_of_results_with_images_first_screen,baidu_number_of_images_first_screen,baidu_area_fraction_of_images_first_screen,baidu_number_of_vertical_types_first_screen,baidu_had_encyclopedia_first_screen,baidu_had_gps_map_first_screen,baidu_had_forum_first_screen,baidu_had_experience_first_screen,sogou_reciprocal_of_the_rank_of_the_first_vertical_result,sogou_position_y_of_the_first_vertical_result,sogou_height_of_the_first_vertical_result,sogou_reciprocal_of_the_rank_of_the_first_result_with_image,sogou_position_y_of_the_first_result_with_image,sogou_height_of_the_first_result_with_image,sogou_fraction_of_vertical_results_first_screen,sogou_area_fraction_of_vertical_result_first_screen,sogou_fraction_of_results_with_images_first_screen,sogou_area_fraction_of_results_with_images_first_screen,sogou_number_of_images_first_screen,sogou_area_fraction_of_images_first_screen,sogou_number_of_vertical_types_first_screen,sogou_had_encyclopedia_first_screen,sogou_had_gps_map_first_screen,sogou_had_forum_first_screen,sogou_had_experience_first_screen,delta_reciprocal_of_the_rank_of_the_first_vertical_result,delta_position_y_of_the_first_vertical_result,delta_height_of_the_first_vertical_result,delta_reciprocal_of_the_rank_of_the_first_result_with_image,delta_position_y_of_the_first_result_with_image,delta_height_of_the_first_result_with_image,delta_fraction_of_vertical_results_first_screen,delta_area_fraction_of_vertical_result_first_screen,delta_fraction_of_results_with_images_first_screen,delta_area_fraction_of_results_with_images_first_screen,delta_number_of_images_first_screen,delta_area_fraction_of_images_first_screen,delta_number_of_vertical_types_first_screen,delta_had_encyclopedia_first_screen,delta_had_gps_map_first_screen,delta_had_forum_first_screen,delta_had_experience_first_screen,preference
0.0,0,0.0,0,0.0,0,0.0,0,0.0,0,0.0,0,31,6,1.0,5.0,109.0,1.0,5.0,109.0,1.0,1.0,0.8,0.785223367698,4.0,0.115931475875,2,0,0,0,0,1.0,5.0,90.0,0.166666666667,655.0,228.0,1.0,1.0,0.0,0.0,0.0,0.0,3,0,0,1,1,0.0,0.0,19.0,0.833333333333,-650.0,-119.0,0.0,0.0,0.8,0.785223367698,4.0,0.115931475875,-1,0,0,-1,-1,sogou
0.25,0.25,0.2,1,0.142857142857,0.142857142857,0.0,0,0.107142857143,0.107142857143,0.2,1,12,1,1.0,5.0,129.0,1.0,5.0,129.0,0.6,0.68105065666,0.2,0.242026266417,1.0,0.0383987668873,3,1,0,1,0,0.25,285.0,173.0,0.25,285.0,173.0,0.2,0.345309381238,0.2,0.345309381238,1.0,0.060656868082,1,0,0,0,0,0.75,-280.0,-44.0,0.75,-280.0,-44.0,0.4,0.335741275423,0.0,-0.103283114821,0.0,-0.0222581011947,2,1,0,1,0,baidu
0.0,0,0.0,0,0.0,0,0.0,0,0.0,0,0.0,0,21,3,1.0,5.0,251.0,0.5,270.0,109.0,1.0,1.0,0.666666666667,0.498,3.0,0.116955390335,3,0,0,1,0,1.0,5.0,162.0,0.125,903.0,228.0,1.0,1.0,0.0,0.0,0.0,0.0,2,0,0,1,1,0.0,0.0,89.0,0.375,-633.0,-119.0,0.0,0.0,0.666666666667,0.498,3.0,0.116955390335,1,0,0,0,-1,baidu
1.0,1.0,0.25,1,0.5,0.5,0.25,1,0.5,0.5,0.0,0,22,4,1.0,5.0,129.0,1.0,5.0,129.0,1.0,1.0,1.0,1.0,4.0,0.156867951642,2,0,0,0,0,0.333333333333,205.0,244.0,0,-1,0,0.5,0.657480314961,0.0,0.0,0.0,0.0,2,0,0,0,0,0.666666666667,-200.0,-115.0,1.0,6.0,129.0,0.5,0.342519685039,1.0,1.0,4.0,0.156867951642,0,0,0,0,0,baidu
0.0,0,0.0,0,0.0,0,0.0,0,0.0,0,0.0,0,35,9,1.0,5.0,125.0,0.5,144.0,111.0,0.8,0.851138353765,0.2,0.194395796848,1.0,0.0295412079506,2,0,0,1,0,1.0,5.0,90.0,0,-1,0,1.0,1.0,0.0,0.0,0.0,0.0,2,0,0,1,0,0.0,0.0,35.0,0.5,145.0,111.0,-0.2,-0.148861646235,0.2,0.194395796848,1.0,0.0295412079506,0,0,0,0,0,sogou
0.333333333333,0.25,0.25,1,0.25,0.196428571429,0.0,0,0.0833333333333,0.0535714285714,0.25,1,9,1,1.0,5.0,111.0,1.0,5.0,111.0,1.0,1.0,1.0,1.0,4.0,0.141062390827,3,1,0,0,0,1.0,13.0,180.0,1.0,13.0,180.0,1.0,1.0,1.0,1.0,15.0,0.471087194019,2,1,0,0,0,0.0,-8.0,-69.0,0.0,-8.0,-69.0,0.0,0.0,0.0,0.0,-11.0,-0.330024803192,1,0,0,0,0,sogou
0.166666666667,0.166666666667,0.0,0,0.5,0.5,0.25,1,-0.333333333333,-0.333333333333,-0.25,-1,30,5,1.0,5.0,543.0,1.0,5.0,543.0,1.0,1.0,1.0,1.0,8.0,0.533481210677,1,0,0,1,0,1.0,5.0,166.0,0,-1,0,0.75,0.82135523614,0.0,0.0,0.0,0.0,2,0,0,0,0,0.0,0.0,377.0,1.0,6.0,543.0,0.25,0.17864476386,1.0,1.0,8.0,0.533481210677,-1,0,0,1,0,baidu
0.5,0.305555555556,0.5,1,0.333333333333,0.261111111111,0.0,0,0.166666666667,0.0444444444444,0.5,1,12,2,0.5,104.0,109.0,0.5,104.0,109.0,0.75,0.839924670433,0.75,0.839924670433,7.0,0.297691806859,3,0,0,0,0,1.0,5.0,328.0,1.0,5.0,328.0,1.0,1.0,0.5,0.485207100592,7.0,0.329518558365,2,0,0,0,0,-0.5,99.0,-219.0,-0.5,99.0,-219.0,-0.25,-0.160075329567,0.25,0.354717569841,0.0,-0.0318267515052,1,0,0,0,0,sogou
0.5,0.5,0.333333333333,1,0.2,0.2,0.0,0,0.3,0.3,0.333333333333,1,12,1,1.0,5.0,109.0,1.0,5.0,109.0,1.0,1.0,1.0,1.0,3.0,0.115996861779,3,1,0,1,0,0.333333333333,205.0,385.0,0.333333333333,205.0,385.0,0.333333333333,0.688729874776,0.333333333333,0.688729874776,1.0,0.0998666449829,1,0,0,0,0,0.666666666667,-200.0,-276.0,0.666666666667,-200.0,-276.0,0.666666666667,0.311270125224,0.666666666667,0.311270125224,2.0,0.016130216796,2,1,0,1,0,baidu
0.333333333333,0.216666666667,0.2,1,1.0,0.583333333333,0.333333333333,1,-0.666666666667,-0.366666666667,-0.133333333333,0,12,2,1.0,5.0,89.0,0.5,108.0,109.0,0.8,0.867807153966,0.4,0.561430793157,2.0,0.171480687067,4,0,1,0,0,0.5,105.0,373.0,0.5,105.0,373.0,0.333333333333,0.681901279707,0.333333333333,0.681901279707,4.0,0.217836130962,1,0,0,0,0,0.5,-100.0,-284.0,0.0,3.0,-264.0,0.466666666667,0.185905874258,0.0666666666667,-0.12047048655,-2.0,-0.0463554438948,3,0,1,0,0,sogou
1.0,1.0,0.2,1,1.0,1.0,0.333333333333,1,0.0,0.0,-0.133333333333,0,21,4,1.0,5.0,134.0,1.0,5.0,134.0,0.6,0.689213893967,0.4,0.444241316271,2.0,0.0682533317929,2,0,0,0,0,1.0,5.0,144.0,0.5,161.0,118.0,1.0,1.0,0.666666666667,0.765089722675,2.0,0.0336764051609,3,0,0,0,0,0.0,0.0,-10.0,0.5,-156.0,16.0,-0.4,-0.310786106033,-0.266666666667,-0.320848406405,0.0,0.034576926632,-1,0,0,0,0,sogou
0.0,0,0.0,0,0.0,0,0.0,0,0.0,0,0.0,0,24,4,1.0,5.0,129.0,1.0,5.0,129.0,0.8,0.841713221601,0.6,0.683426443203,3.0,0.100935944563,3,1,0,1,0,1.0,5.0,112.0,0,-1,0,1.0,1.0,0.0,0.0,0.0,0.0,3,0,0,1,0,0.0,0.0,17.0,1.0,6.0,129.0,-0.2,-0.158286778399,0.6,0.683426443203,3.0,0.100935944563,0,1,0,0,0,baidu
0.333333333333,0.333333333333,0.0,0,0.1,0.1,0.0,0,0.233333333333,0.233333333333,0.0,0,9,2,1.0,5.0,318.0,1.0,5.0,318.0,1.0,1.0,1.0,1.0,2.0,0.139008266986,2,1,0,0,0,1.0,5.0,135.0,0.5,152.0,173.0,1.0,1.0,0.25,0.296740994854,1.0,0.0521253703415,2,0,0,0,0,0.0,0.0,183.0,0.5,-147.0,145.0,0.0,0.0,0.75,0.703259005146,1.0,0.0868828966448,0,1,0,0,0,baidu
0.0,0,0.0,0,0.0,0,0.0,0,0.0,0,0.0,0,9,2,1.0,5.0,129.0,1.0,5.0,129.0,0.6,0.735202492212,0.4,0.38785046729,2.0,0.0637587001587,3,1,0,0,0,1.0,5.0,133.0,0,-1,0,0.75,0.842676311031,0.0,0.0,0.0,0.0,2,0,0,1,0,0.0,0.0,-4.0,1.0,6.0,129.0,-0.15,-0.107473818819,0.4,0.38785046729,2.0,0.0637587001587,1,1,0,-1,0,baidu
0.0,0,0.0,0,0.0,0,0.0,0,0.0,0,0.0,0,13,3,1.0,5.0,244.0,1.0,5.0,244.0,0.75,0.854202401372,0.5,0.708404802744,5.0,0.213856670089,3,0,0,1,0,1.0,5.0,246.0,0.2,611.0,228.0,0.75,0.843806104129,0.0,0.0,0.0,0.0,1,0,0,1,0,0.0,0.0,-2.0,0.8,-606.0,16.0,0.0,0.0103962972429,0.5,0.708404802744,5.0,0.213856670089,2,0,0,0,0,baidu
0.2,0.2,0.0,0,0.5,0.5,0.166666666667,1,-0.3,-0.3,-0.166666666667,-1,30,4,0.5,104.0,268.0,0.2,584.0,109.0,0.25,0.512428298279,0.0,0.0,0.0,0.0,1,0,0,0,0,0.5,105.0,90.0,0.166666666667,507.0,184.0,0.333333333333,0.440514469453,0.166666666667,0.295819935691,1.0,0.0292429114294,2,0,0,0,0,0.0,-1.0,178.0,0.0333333333333,77.0,-75.0,-0.0833333333333,0.0719138288258,-0.166666666667,-0.295819935691,-1.0,-0.0292429114294,-1,0,0,0,0,baidu
0.2,0.15,0.0,0,0.25,0.1875,0.25,1,-0.05,-0.0375,-0.25,-1,21,4,1.0,5.0,250.0,1.0,5.0,250.0,1.0,1.0,1.0,1.0,8.0,0.371423811422,3,0,0,0,0,0.5,105.0,210.0,0.5,105.0,210.0,0.5,0.653386454183,0.25,0.418326693227,4.0,0.212792466498,2,0,0,0,0,0.5,-100.0,40.0,0.5,-100.0,40.0,0.5,0.346613545817,0.75,0.581673306773,4.0,0.158631344924,1,0,0,0,0,baidu
0.5,0.5,0.2,1,0.111111111111,0.111111111111,0.0,0,0.388888888889,0.388888888889,0.2,1,28,6,1.0,5.0,109.0,1.0,5.0,109.0,0.8,0.834932821497,0.6,0.629558541267,3.0,0.0971287700947,2,0,0,1,0,1.0,5.0,136.0,0,-1,0,0.6,0.674157303371,0.0,0.0,0.0,0.0,1,0,0,1,0,0.0,0.0,-27.0,1.0,6.0,109.0,0.2,0.160775518126,0.6,0.629558541267,3.0,0.0971287700947,1,0,0,0,0,baidu
0.0,0,0.0,0,0.0,0,0.0,0,0.0,0,0.0,0,30,4,1.0,5.0,109.0,1.0,5.0,109.0,0.333333333333,0.390681003584,0.333333333333,0.390681003584,2.0,0.0604588879562,1,0,0,0,0,1.0,5.0,90.0,0,-1,0,0.5,0.508474576271,0.0,0.0,0.0,0.0,1,0,0,0,0,0.0,0.0,19.0,1.0,6.0,109.0,-0.166666666667,-0.117793572687,0.333333333333,0.390681003584,2.0,0.0604588879562,0,0,0,0,0,baidu
0.125,0.125,0.0,0,0.25,0.25,0.2,1,-0.125,-0.125,-0.2,-1,12,2,0.5,104.0,169.0,0.5,104.0,169.0,0.6,0.707903780069,0.6,0.707903780069,3.0,0.118250105392,3,1,0,0,0,0.5,105.0,118.0,0.5,105.0,118.0,0.4,0.443496801706,0.2,0.251599147122,1.0,0.0387827098275,1,0,0,0,0,0.0,-1.0,51.0,0.0,-1.0,51.0,0.2,0.264406978363,0.4,0.456304632947,2.0,0.0794673955648,2,1,0,0,0,baidu
0.142857142857,0.142857142857,0.0,0,0.333333333333,0.333333333333,0.25,1,-0.190476190476,-0.190476190476,-0.25,-1,25,5,1.0,5.0,210.0,1.0,5.0,210.0,1.0,1.0,0.75,0.816753926702,6.0,0.214309348177,3,1,0,0,0,1.0,5.0,185.0,1.0,5.0,185.0,0.75,0.835227272727,0.25,0.350378787879,1.0,0.00485537190083,3,0,0,0,0,0.0,0.0,25.0,0.0,0.0,25.0,0.25,0.164772727273,0.5,0.466375138823,5.0,0.209453976276,0,1,0,0,0,sogou
0.333333333333,0.333333333333,0.25,1,0.166666666667,0.166666666667,0.0,0,0.166666666667,0.166666666667,0.25,1,30,6,1.0,5.0,243.0,1.0,5.0,243.0,1.0,1.0,0.75,0.849823321555,6.0,0.205833672679,3,0,0,0,1,1.0,5.0,90.0,0.166666666667,557.0,162.0,0.8,0.822810590631,0.0,0.0,0.0,0.0,2,0,0,1,0,0.0,0.0,153.0,0.833333333333,-552.0,81.0,0.2,0.177189409369,0.75,0.849823321555,6.0,0.205833672679,1,0,0,-1,1,baidu
0.333333333333,0.25,0.4,1,0.5,0.311111111111,0.4,1,-0.166666666667,-0.0611111111111,0.0,0,24,3,1.0,5.0,165.0,0.111111111111,960.0,223.0,0.6,0.67803030303,0.0,0.0,0.0,0.0,1,0,0,0,0,1.0,5.0,158.0,0,-1,0,0.6,0.674157303371,0.0,0.0,0.0,0.0,2,0,0,0,0,0.0,0.0,7.0,0.111111111111,961.0,223.0,0.0,0.00387299965952,0.0,0.0,0.0,0.0,-1,0,0,0,0,baidu
0.333333333333,0.291666666667,0.0,0,0.5,0.321428571429,0.25,1,-0.166666666667,-0.0297619047619,-0.25,-1,21,4,1.0,5.0,279.0,1.0,5.0,279.0,1.0,1.0,1.0,1.0,9.0,0.36450563935,1,0,0,0,0,1.0,5.0,215.0,1.0,5.0,215.0,1.0,1.0,0.5,0.649122807018,2.0,0.0654545454545,2,0,0,0,0,0.0,0.0,64.0,0.0,0.0,64.0,0.0,0.0,0.5,0.350877192982,7.0,0.299051093895,-1,0,0,0,0,baidu
0.0,0,0.0,0,0.0,0,0.0,0,0.0,0,0.0,0,15,3,1.0,5.0,129.0,1.0,5.0,129.0,1.0,1.0,1.0,1.0,7.0,0.242057688467,3,1,0,0,0,1.0,5.0,206.0,1.0,5.0,206.0,1.0,1.0,0.5,0.605607476636,5.0,0.186576040782,3,1,0,0,0,0.0,0.0,-77.0,0.0,0.0,-77.0,0.0,0.0,0.5,0.394392523364,2.0,0.0554816476852,0,0,0,0,0,baidu
0.111111111111,0.111111111111,0.0,0,0.1,0.1,0.0,0,0.0111111111111,0.0111111111111,0.0,0,30,6,0.2,401.0,125.0,0,-1,0,0.166666666667,0.227272727273,0.0,0.0,0.0,0.0,1,0,0,1,0,0.333333333333,205.0,158.0,0,-1,0,0.2,0.312252964427,0.0,0.0,0.0,0.0,1,0,0,1,0,-0.133333333333,196.0,-33.0,0,0,0,-0.0333333333333,-0.0849802371542,0.0,0.0,0.0,0.0,0,0,0,0,0,sogou
0.125,0.125,0.0,0,0.5,0.5,0.2,1,-0.375,-0.375,-0.2,-1,28,5,1.0,5.0,241.0,1.0,5.0,241.0,1.0,1.0,1.0,1.0,9.0,0.254029462452,2,0,0,0,0,1.0,5.0,207.0,1.0,5.0,207.0,1.0,1.0,0.2,0.365079365079,6.0,0.182491582492,2,0,0,0,0,0.0,0.0,34.0,0.0,0.0,34.0,0.0,0.0,0.8,0.634920634921,3.0,0.0715378799606,0,0,0,0,0,baidu
0.5,0.5,0.333333333333,1,0.25,0.25,0.25,1,0.25,0.25,0.0833333333333,0,12,2,1.0,5.0,174.0,0.5,193.0,216.0,1.0,1.0,0.666666666667,0.65130260521,2.0,0.0703116269714,3,0,0,0,0,1.0,5.0,105.0,0.333333333333,222.0,130.0,0.75,0.833333333333,0.25,0.249042145594,1.0,0.0294810170672,2,0,0,0,0,0.0,0.0,69.0,0.166666666667,-29.0,86.0,0.25,0.166666666667,0.416666666667,0.402260459617,1.0,0.0408306099042,1,0,0,0,0,baidu
0.0,0,0.0,0,0.0,0,0.0,0,0.0,0,0.0,0,33,5,1.0,5.0,210.0,1.0,5.0,210.0,1.0,1.0,0.5,0.637218045113,5.0,0.192354725103,3,1,0,0,0,1.0,5.0,206.0,1.0,5.0,206.0,0.5,0.728395061728,0.5,0.728395061728,5.0,0.179958313292,2,0,0,0,0,0.0,0.0,4.0,0.0,0.0,4.0,0.5,0.271604938272,0.0,-0.0911770166156,0.0,0.0123964118111,1,1,0,0,0,sogou
0.0,0,0.0,0,0.0,0,0.0,0,0.0,0,0.0,0,15,2,1.0,5.0,109.0,1.0,5.0,109.0,1.0,1.0,0.8,0.805914972274,4.0,0.124717410276,3,0,0,1,0,1.0,5.0,320.0,1.0,5.0,320.0,1.0,1.0,1.0,1.0,8.0,0.317820136852,1,0,0,0,0,0.0,0.0,-211.0,0.0,0.0,-211.0,0.0,0.0,-0.2,-0.194085027726,-4.0,-0.193102726577,2,0,0,1,0,sogou
0.333333333333,0.333333333333,0.25,1,1.0,1.0,0.25,1,-0.666666666667,-0.666666666667,0.0,0,12,2,1.0,5.0,253.0,0.2,656.0,109.0,1.0,1.0,0.0,0.0,0.0,0.0,4,1,0,1,0,1.0,5.0,112.0,0,-1,0,1.0,1.0,0.0,0.0,0.0,0.0,2,0,0,1,0,0.0,0.0,141.0,0.2,657.0,109.0,0.0,0.0,0.0,0.0,0.0,0.0,2,1,0,0,0,baidu
0.5,0.5,0.5,1,0.25,0.25,0.25,1,0.25,0.25,0.25,0,37,8,1.0,5.0,340.0,1.0,5.0,340.0,1.0,1.0,1.0,1.0,7.0,0.195766672831,2,0,0,0,1,1.0,5.0,132.0,1.0,5.0,132.0,1.0,1.0,0.75,0.860248447205,6.0,0.186685488425,3,0,0,1,1,0.0,0.0,208.0,0.0,0.0,208.0,0.0,0.0,0.25,0.139751552795,1.0,0.00908118440595,-1,0,0,-1,0,sogou
0.125,0.125,0.0,0,0.1,0.1,0.0,0,0.025,0.025,0.0,0,30,5,1.0,5.0,120.0,1.0,5.0,120.0,1.0,1.0,0.5,0.188087774295,1.0,0.0320792206127,2,0,0,0,0,1.0,5.0,90.0,0.333333333333,277.0,118.0,1.0,1.0,0.25,0.207746478873,1.0,0.0320230473752,3,0,0,1,1,0.0,0.0,30.0,0.666666666667,-272.0,2.0,0.0,0.0,0.25,-0.0196587045786,0.0,5.61732375819e-05,-1,0,0,-1,-1,sogou
1.0,0.666666666667,0.333333333333,1,1.0,0.666666666667,0.4,1,0.0,0.0,-0.0666666666667,0,19,4,1.0,5.0,106.0,0.125,743.0,109.0,0.333333333333,0.383783783784,0.0,0.0,0.0,0.0,2,0,0,1,0,1.0,5.0,157.0,0.142857142857,727.0,228.0,0.6,0.724014336918,0.0,0.0,0.0,0.0,1,0,0,0,0,0.0,0.0,-51.0,-0.0178571428571,16.0,-119.0,-0.266666666667,-0.340230553134,0.0,0.0,0.0,0.0,1,0,0,1,0,sogou
0.25,0.25,0.0,0,0.125,0.125,0.0,0,0.125,0.125,0.0,0,27,6,1.0,5.0,343.0,1.0,5.0,343.0,1.0,1.0,0.666666666667,0.82982171799,2.0,0.109719653197,3,1,0,0,0,1.0,10.0,282.0,1.0,10.0,282.0,1.0,1.0,0.333333333333,0.511796733212,2.0,0.0729529587876,3,0,0,0,0,0.0,-5.0,61.0,0.0,-5.0,61.0,0.0,0.0,0.333333333333,0.318024984778,0.0,0.036766694409,0,1,0,0,0,baidu
0.166666666667,0.166666666667,0.0,0,0.111111111111,0.111111111111,0.0,0,0.0555555555556,0.0555555555556,0.0,0,12,2,1.0,5.0,340.0,1.0,5.0,340.0,1.0,1.0,1.0,1.0,6.0,0.171094093618,3,1,0,0,0,1.0,5.0,113.0,0.5,130.0,319.0,1.0,1.0,0.666666666667,0.825347758887,8.0,0.354329071238,3,1,0,0,0,0.0,0.0,227.0,0.5,-125.0,21.0,0.0,0.0,0.333333333333,0.174652241113,-2.0,-0.18323497762,0,0,0,0,0,baidu
0.0,0,0.0,0,0.0,0,0.0,0,0.0,0,0.0,0,30,5,1.0,5.0,165.0,0,-1,0,0.2,0.326732673267,0.0,0.0,0.0,0.0,1,0,0,0,0,1.0,5.0,112.0,0,-1,0,0.8,0.838589981447,0.0,0.0,0.0,0.0,3,0,0,1,0,0.0,0.0,53.0,0,0,0,-0.6,-0.51185730818,0.0,0.0,0.0,0.0,-2,0,0,-1,0,baidu
0.2,0.2,0.0,0,0.2,0.2,0.2,1,0.0,0.0,-0.2,-1,39,6,1.0,5.0,169.0,1.0,5.0,169.0,1.0,1.0,0.75,0.840787119857,6.0,0.221023335617,4,0,0,1,0,1.0,5.0,90.0,0.5,107.0,118.0,1.0,1.0,0.2,0.242798353909,1.0,0.0374261129817,3,0,0,0,1,0.0,0.0,79.0,0.5,-102.0,51.0,0.0,0.0,0.55,0.597988765947,5.0,0.183597222635,1,0,0,1,-1,baidu
0.5,0.5,0.166666666667,1,0.333333333333,0.333333333333,0.166666666667,1,0.166666666667,0.166666666667,0.0,0,30,5,0.333333333333,203.0,109.0,0.333333333333,203.0,109.0,0.166666666667,0.204119850187,0.166666666667,0.204119850187,1.0,0.0315880706737,1,0,0,0,0,0.25,305.0,90.0,0,-1,0,0.5,0.508474576271,0.0,0.0,0.0,0.0,1,0,0,0,0,0.0833333333333,-102.0,19.0,0.333333333333,204.0,109.0,-0.333333333333,-0.304354726084,0.166666666667,0.204119850187,1.0,0.0315880706737,0,0,0,0,0,baidu
0.0,0,0.0,0,0.0,0,0.0,0,0.0,0,0.0,0,30,4,1.0,5.0,109.0,1.0,5.0,109.0,0.8,0.851211072664,0.6,0.66955017301,3.0,0.112842644165,3,1,0,1,0,1.0,5.0,128.0,1.0,5.0,128.0,1.0,1.0,0.4,0.462093862816,2.0,0.0736724647194,3,0,0,0,0,0.0,0.0,-19.0,0.0,0.0,-19.0,-0.2,-0.148788927336,0.2,0.207456310194,1.0,0.0391701794452,0,1,0,1,0,sogou
0.0,0,0.0,0,0.0,0,0.0,0,0.0,0,0.0,0,39,7,1.0,5.0,85.0,0,-1,0,0.333333333333,0.333333333333,0.0,0.0,0.0,0.0,1,0,0,0,0,1.0,5.0,156.0,0,-1,0,1.0,1.0,0.0,0.0,0.0,0.0,4,0,0,1,0,0.0,0.0,-71.0,0,0,0,-0.666666666667,-0.666666666667,0.0,0.0,0.0,0.0,-3,0,0,-1,0,baidu
0.5,0.316666666667,0.333333333333,1,0.333333333333,0.25,0.333333333333,1,0.166666666667,0.0666666666667,0.0,0,18,3,1.0,5.0,233.0,1.0,5.0,233.0,1.0,1.0,1.0,1.0,3.0,0.0867654731625,2,0,0,0,0,0.5,105.0,231.0,0.5,105.0,231.0,0.666666666667,0.804932735426,0.666666666667,0.804932735426,3.0,0.110558499796,1,0,0,0,0,0.5,-100.0,2.0,0.5,-100.0,2.0,0.333333333333,0.195067264574,0.333333333333,0.195067264574,0.0,-0.0237930266337,1,0,0,0,0,baidu
0.25,0.25,0.0,0,0.2,0.2,0.0,0,0.05,0.05,0.0,0,12,2,1.0,5.0,145.0,1.0,5.0,145.0,1.0,1.0,1.0,1.0,15.0,0.505702589901,2,0,0,0,0,1.0,5.0,328.0,1.0,5.0,328.0,1.0,1.0,1.0,1.0,15.0,0.574193701723,2,0,0,0,0,0.0,0.0,-183.0,0.0,0.0,-183.0,0.0,0.0,0.0,0.0,0.0,-0.0684911118226,0,0,0,0,0,sogou
0.5,0.5,0.2,1,0.5,0.5,0.2,1,0.0,0.0,0.0,0,18,4,1.0,5.0,109.0,1.0,5.0,109.0,1.0,1.0,0.8,0.702572347267,4.0,0.108476075497,2,0,0,1,0,0.5,105.0,90.0,0.333333333333,207.0,118.0,0.8,0.839779005525,0.2,0.217311233886,1.0,0.0334974049891,2,0,0,1,0,0.5,-100.0,19.0,0.666666666667,-202.0,-9.0,0.2,0.160220994475,0.6,0.485261113381,3.0,0.0749786705078,0,0,0,0,0,sogou
0.5,0.288888888889,0.4,1,0.5,0.361111111111,0.5,1,0.0,-0.0722222222222,-0.1,0,9,1,1.0,5.0,129.0,0.333333333333,247.0,109.0,0.6,0.671179883946,0.4,0.42166344294,2.0,0.0652534999605,2,1,0,0,0,1.0,5.0,135.0,0.1,1028.0,184.0,0.5,0.546875,0.0,0.0,0.0,0.0,2,0,0,0,0,0.0,0.0,-6.0,0.233333333333,-781.0,-75.0,0.1,0.124304883946,0.4,0.42166344294,2.0,0.0652534999605,0,1,0,0,0,baidu
0.142857142857,0.142857142857,0.0,0,1.0,1.0,0.2,1,-0.857142857143,-0.857142857143,-0.2,-1,12,1,1.0,5.0,145.0,0.142857142857,699.0,216.0,0.4,0.514285714286,0.0,0.0,0.0,0.0,2,0,0,1,0,1.0,5.0,178.0,0.166666666667,599.0,228.0,0.6,0.672932330827,0.0,0.0,0.0,0.0,3,0,0,0,0,0.0,0.0,-33.0,-0.0238095238095,100.0,-12.0,-0.2,-0.158646616541,0.0,0.0,0.0,0.0,-1,0,0,1,0,sogou
1.0,0.625,0.4,1,1.0,0.666666666667,0.5,1,0.0,-0.0416666666667,-0.1,0,24,5,1.0,5.0,110.0,1.0,5.0,110.0,0.8,0.838951310861,0.6,0.634831460674,3.0,0.101503000432,3,1,0,0,0,1.0,5.0,90.0,0.25,401.0,206.0,1.0,1.0,0.25,0.363957597173,4.0,0.144221008673,3,0,0,1,0,0.0,0.0,20.0,0.75,-396.0,-96.0,-0.2,-0.161048689139,0.35,0.270873863501,-1.0,-0.0427180082417,0,1,0,-1,0,baidu
0.0,0,0.0,0,0.0,0,0.0,0,0.0,0,0.0,0,27,4,1.0,5.0,105.0,0.5,124.0,104.0,0.6,0.652351738241,0.4,0.437627811861,2.0,0.0689898966862,2,0,0,1,0,0.5,105.0,178.0,0,-1,0,0.8,0.85077186964,0.0,0.0,0.0,0.0,2,0,0,1,0,0.5,-100.0,-73.0,0.5,125.0,104.0,-0.2,-0.198420131398,0.4,0.437627811861,2.0,0.0689898966862,0,0,0,0,0,sogou
0.25,0.25,0.25,1,0.333333333333,0.333333333333,0.25,1,-0.0833333333333,-0.0833333333333,0.0,0,21,4,1.0,5.0,210.0,1.0,5.0,210.0,1.0,1.0,1.0,1.0,7.0,0.243649318463,1,0,0,0,0,1.0,5.0,128.0,1.0,5.0,128.0,1.0,1.0,0.75,0.828677839851,6.0,0.228014220416,1,0,0,0,0,0.0,0.0,82.0,0.0,0.0,82.0,0.0,0.0,0.25,0.171322160149,1.0,0.015635098047,0,0,0,0,0,baidu
0.5,0.305555555556,0.2,1,1.0,0.55,0.333333333333,1,-0.5,-0.244444444444,-0.133333333333,0,15,3,1.0,5.0,120.0,1.0,5.0,120.0,1.0,1.0,1.0,1.0,5.0,0.160030025736,3,0,0,0,0,1.0,5.0,254.0,1.0,5.0,254.0,1.0,1.0,0.666666666667,0.759183673469,5.0,0.203710575139,3,0,0,0,1,0.0,0.0,-134.0,0.0,0.0,-134.0,0.0,0.0,0.333333333333,0.240816326531,0.0,-0.0436805494028,0,0,0,0,-1,baidu
1.0,0.555555555556,0.2,1,0.5,0.3125,0.333333333333,1,0.5,0.243055555556,-0.133333333333,0,30,4,0.5,104.0,134.0,0.142857142857,689.0,169.0,0.4,0.502912621359,0.0,0.0,0.0,0.0,2,0,0,1,0,1.0,5.0,351.0,1.0,5.0,351.0,0.666666666667,0.841818181818,0.333333333333,0.638181818182,1.0,0.00446280991736,2,0,0,1,0,-0.5,99.0,-217.0,-0.857142857143,684.0,-182.0,-0.266666666667,-0.338905560459,-0.333333333333,-0.638181818182,-1.0,-0.00446280991736,0,0,0,0,0,sogou
0.0,0,0.0,0,0.0,0,0.0,0,0.0,0,0.0,0,18,3,1.0,5.0,104.0,1.0,5.0,104.0,0.6,0.68795620438,0.6,0.68795620438,3.0,0.119020161181,2,1,0,0,0,1.0,5.0,340.0,1.0,5.0,340.0,0.666666666667,0.831721470019,0.333333333333,0.657640232108,5.0,0.197362405486,2,0,0,0,0,0.0,0.0,-236.0,0.0,0.0,-236.0,-0.0666666666667,-0.14376526564,0.266666666667,0.0303159722712,-2.0,-0.0783422443053,0,1,0,0,0,sogou
0.333333333333,0.333333333333,0.333333333333,1,0.142857142857,0.142857142857,0.0,0,0.190476190476,0.190476190476,0.333333333333,1,12,2,1.0,5.0,169.0,1.0,5.0,169.0,1.0,1.0,1.0,1.0,5.0,0.15584350577,3,1,0,1,0,1.0,13.0,180.0,1.0,13.0,180.0,1.0,1.0,1.0,1.0,6.0,0.252507148039,2,1,0,0,0,0.0,-8.0,-11.0,0.0,-8.0,-11.0,0.0,0.0,0.0,0.0,-1.0,-0.0966636422693,1,0,0,1,0,baidu
0.125,0.125,0.0,0,0.2,0.2,0.2,1,-0.075,-0.075,-0.2,-1,9,1,1.0,5.0,210.0,1.0,5.0,210.0,1.0,1.0,0.666666666667,0.688935281837,5.0,0.213638233308,2,1,0,0,0,1.0,5.0,113.0,0.2,474.0,136.0,1.0,1.0,0.2,0.244165170557,1.0,0.0276285294598,3,1,0,0,0,0.0,0.0,97.0,0.8,-469.0,74.0,0.0,0.0,0.466666666667,0.444770111281,4.0,0.186009703848,-1,0,0,0,0,sogou
0.0,0,0.0,0,0.0,0,0.0,0,0.0,0,0.0,0,15,2,1.0,5.0,104.0,1.0,5.0,104.0,0.8,0.833659491194,0.8,0.833659491194,4.0,0.13203937174,1,0,0,0,0,1.0,5.0,128.0,1.0,5.0,128.0,0.6,0.698961937716,0.4,0.425605536332,2.0,0.0580937401699,3,0,0,1,0,0.0,0.0,-24.0,0.0,0.0,-24.0,0.2,0.134697553477,0.4,0.408053954862,2.0,0.0739456315701,-2,0,0,-1,0,sogou
0.0,0,0.0,0,0.0,0,0.0,0,0.0,0,0.0,0,17,3,0.166666666667,500.0,109.0,0.166666666667,500.0,109.0,0.166666666667,0.204119850187,0.166666666667,0.204119850187,1.0,0.0315880706737,1,0,0,0,0,0.333333333333,205.0,90.0,0,-1,0,0.5,0.528028933092,0.0,0.0,0.0,0.0,3,0,0,1,0,-0.166666666667,295.0,19.0,0.166666666667,501.0,109.0,-0.333333333333,-0.323909082905,0.166666666667,0.204119850187,1.0,0.0315880706737,-2,0,0,-1,0,sogou
1.0,0.520833333333,0.8,1,0.5,0.286111111111,0.5,1,0.5,0.234722222222,0.3,0,9,2,1.0,5.0,109.0,1.0,5.0,109.0,0.8,0.835271317829,0.8,0.835271317829,4.0,0.130759920463,1,0,0,0,0,1.0,5.0,206.0,1.0,5.0,206.0,1.0,1.0,0.5,0.653516295026,5.0,0.15401528146,3,0,0,0,0,0.0,0.0,-97.0,0.0,0.0,-97.0,-0.2,-0.164728682171,0.3,0.181755022804,-1.0,-0.0232553609961,-2,0,0,0,0,sogou
0.333333333333,0.25,0.2,1,0.2,0.1625,0.0,0,0.133333333333,0.0875,0.2,1,13,2,1.0,5.0,109.0,1.0,5.0,109.0,0.8,0.835877862595,0.6,0.62786259542,3.0,0.0965726893499,2,1,0,0,0,1.0,5.0,132.0,1.0,5.0,132.0,1.0,1.0,1.0,1.0,3.0,0.218377622378,1,0,0,0,0,0.0,0.0,-23.0,0.0,0.0,-23.0,-0.2,-0.164122137405,-0.4,-0.37213740458,0.0,-0.121804933028,1,1,0,0,0,sogou
0.0,0,0.0,0,0.0,0,0.0,0,0.0,0,0.0,0,24,4,1.0,5.0,227.0,0,-1,0,0.75,0.843173431734,0.0,0.0,0.0,0.0,2,0,0,1,0,1.0,5.0,230.0,0,-1,0,0.75,0.845470692718,0.0,0.0,0.0,0.0,2,0,0,1,0,0.0,0.0,-3.0,0,0,0,0.0,-0.00229726098327,0.0,0.0,0.0,0.0,0,0,0,0,0,sogou
0.0,0,0.0,0,0.0,0,0.0,0,0.0,0,0.0,0,12,2,1.0,5.0,210.0,1.0,5.0,210.0,0.75,0.849557522124,0.25,0.371681415929,4.0,0.144895877883,3,0,0,1,0,1.0,5.0,157.0,0.166666666667,668.0,140.0,0.8,0.855481727575,0.0,0.0,0.0,0.0,3,0,0,1,0,0.0,0.0,53.0,0.833333333333,-663.0,70.0,-0.05,-0.00592420545086,0.25,0.371681415929,4.0,0.144895877883,0,0,0,0,0,sogou
0.0,0,0.0,0,0.0,0,0.0,0,0.0,0,0.0,0,18,4,1.0,5.0,85.0,0,-1,0,0.8,0.838095238095,0.0,0.0,0.0,0.0,2,0,0,1,0,1.0,5.0,202.0,0,-1,0,0.75,0.843806104129,0.0,0.0,0.0,0.0,3,0,0,1,0,0.0,0.0,-117.0,0,0,0,0.05,-0.00571086603403,0.0,0.0,0.0,0.0,-1,0,0,0,0,baidu
0.25,0.25,0.25,1,0.5,0.5,0.2,1,-0.25,-0.25,0.05,0,21,4,1.0,5.0,250.0,1.0,5.0,250.0,0.75,0.843462246777,0.75,0.843462246777,7.0,0.354251815947,2,0,0,0,0,1.0,5.0,90.0,0,-1,0,1.0,1.0,0.0,0.0,0.0,0.0,3,0,0,1,0,0.0,0.0,160.0,1.0,6.0,250.0,-0.25,-0.156537753223,0.75,0.843462246777,7.0,0.354251815947,-1,0,0,-1,0,baidu
0.0,0,0.0,0,0.0,0,0.0,0,0.0,0,0.0,0,27,5,1.0,5.0,109.0,1.0,5.0,109.0,1.0,1.0,0.2,0.190559440559,1.0,0.0294895624821,3,0,0,1,0,1.0,5.0,90.0,0.142857142857,920.0,228.0,1.0,1.0,0.0,0.0,0.0,0.0,3,0,0,1,1,0.0,0.0,19.0,0.857142857143,-915.0,-119.0,0.0,0.0,0.2,0.190559440559,1.0,0.0294895624821,0,0,0,0,-1,sogou
0.166666666667,0.125694444444,0.0,0,0.333333333333,0.206547619048,0.4,1,-0.166666666667,-0.0808531746032,-0.4,-1,9,1,1.0,5.0,223.0,0.166666666667,902.0,120.0,1.0,1.0,0.0,0.0,0.0,0.0,3,1,0,0,0,1.0,5.0,146.0,0,-1,0,0.8,0.841240875912,0.0,0.0,0.0,0.0,3,0,0,0,0,0.0,0.0,77.0,0.166666666667,903.0,120.0,0.2,0.158759124088,0.0,0.0,0.0,0.0,0,1,0,0,0,baidu
0.333333333333,0.222222222222,0.2,1,0.142857142857,0.126984126984,0.0,0,0.190476190476,0.0952380952381,0.2,1,27,5,0.333333333333,203.0,108.0,0.25,325.0,147.0,0.6,0.688073394495,0.4,0.489908256881,2.0,0.0896933938133,3,0,0,0,0,1.0,10.0,200.0,1.0,10.0,200.0,1.0,1.0,0.333333333333,0.401606425703,1.0,0.0205366922234,3,1,0,1,1,-0.666666666667,193.0,-92.0,-0.75,315.0,-53.0,-0.4,-0.311926605505,0.0666666666667,0.0883018311779,1.0,0.0691567015899,0,-1,0,-1,-1,sogou
0.125,0.125,0.0,0,0.1,0.1,0.0,0,0.025,0.025,0.0,0,15,3,1.0,5.0,85.0,0.5,104.0,109.0,0.8,0.846292947559,0.4,0.394213381555,2.0,0.0610055325128,3,0,0,1,0,0.5,105.0,162.0,0.2,571.0,228.0,0.5,0.662790697674,0.0,0.0,0.0,0.0,2,0,0,1,1,0.5,-100.0,-77.0,0.3,-467.0,-119.0,0.3,0.183502249884,0.4,0.394213381555,2.0,0.0610055325128,1,0,0,0,-1,sogou
0.25,0.196428571429,0.25,1,0.25,0.175,0.2,1,0.0,0.0214285714286,0.05,0,12,2,1.0,5.0,210.0,1.0,5.0,210.0,1.0,1.0,1.0,1.0,7.0,0.243649318463,1,0,0,0,0,1.0,5.0,98.0,0.166666666667,552.0,228.0,1.0,1.0,0.0,0.0,0.0,0.0,2,0,0,0,0,0.0,0.0,112.0,0.833333333333,-547.0,-18.0,0.0,0.0,1.0,1.0,7.0,0.243649318463,-1,0,0,0,0,baidu
0.0,0,0.0,0,0.0,0,0.0,0,0.0,0,0.0,0,18,3,1.0,5.0,167.0,1.0,5.0,167.0,1.0,1.0,0.75,0.793046357616,7.0,0.227082769147,3,0,0,1,0,0.5,105.0,178.0,0.142857142857,771.0,200.0,0.75,0.822810590631,0.0,0.0,0.0,0.0,2,0,0,1,0,0.5,-100.0,-11.0,0.857142857143,-766.0,-33.0,0.25,0.177189409369,0.75,0.793046357616,7.0,0.227082769147,1,0,0,0,0,baidu
0.0,0,0.0,0,0.0,0,0.0,0,0.0,0,0.0,0,21,3,1.0,5.0,343.0,1.0,5.0,343.0,0.666666666667,0.857621440536,0.666666666667,0.857621440536,2.0,0.113395353471,2,1,0,0,0,1.0,10.0,282.0,1.0,10.0,282.0,0.666666666667,0.832713754647,0.333333333333,0.524163568773,2.0,0.0719837783035,2,0,0,0,0,0.0,-5.0,61.0,0.0,-5.0,61.0,0.0,0.0249076858892,0.333333333333,0.333457871763,0.0,0.0414115751677,0,1,0,0,0,baidu
0.5,0.219742063492,0.25,1,0.333333333333,0.215277777778,0.5,1,0.166666666667,0.00446428571429,-0.25,0,18,4,1.0,5.0,195.0,1.0,5.0,195.0,1.0,1.0,1.0,1.0,4.0,0.169629717458,2,0,0,0,0,0.5,309.0,87.0,1.0,10.0,282.0,0.5,0.279792746114,0.0,0.0,0.0,0.0,2,0,0,0,0,0.5,-304.0,108.0,0.0,-5.0,-87.0,0.5,0.720207253886,1.0,1.0,4.0,0.169629717458,0,0,0,0,0,sogou
0.25,0.25,0.25,1,0.25,0.25,0.25,1,0.0,0.0,0.0,0,12,2,1.0,5.0,138.0,1.0,5.0,138.0,1.0,1.0,1.0,1.0,9.0,0.323177915074,4,1,0,0,0,1.0,5.0,113.0,0.5,130.0,209.0,1.0,1.0,0.25,0.398854961832,4.0,0.201970853574,4,1,0,1,0,0.0,0.0,25.0,0.5,-125.0,-71.0,0.0,0.0,0.75,0.601145038168,5.0,0.1212070615,0,0,0,-1,0,sogou
1.0,1.0,0.2,1,0.333333333333,0.333333333333,0.2,1,0.666666666667,0.666666666667,0.0,0,18,3,1.0,5.0,109.0,1.0,5.0,109.0,0.8,0.836852207294,0.8,0.836852207294,4.0,0.129505026793,1,0,0,0,0,1.0,5.0,185.0,1.0,5.0,185.0,1.0,1.0,0.2,0.349056603774,1.0,0.00483704974271,2,0,0,0,0,0.0,0.0,-76.0,0.0,0.0,-76.0,-0.2,-0.163147792706,0.6,0.48779560352,3.0,0.12466797705,-1,0,0,0,0,sogou
0.0,0,0.0,0,0.0,0,0.0,0,0.0,0,0.0,0,39,6,1.0,5.0,109.0,1.0,5.0,109.0,0.8,0.836852207294,0.8,0.836852207294,4.0,0.129505026793,1,0,0,0,0,1.0,5.0,90.0,0,-1,0,1.0,1.0,0.0,0.0,0.0,0.0,2,0,0,0,0,0.0,0.0,19.0,1.0,6.0,109.0,-0.2,-0.163147792706,0.8,0.836852207294,4.0,0.129505026793,-1,0,0,0,0,baidu
0.333333333333,0.333333333333,0.333333333333,1,0.142857142857,0.142857142857,0.0,0,0.190476190476,0.190476190476,0.333333333333,1,21,4,1.0,5.0,343.0,1.0,5.0,343.0,1.0,1.0,1.0,1.0,3.0,0.136175613143,3,1,0,0,0,1.0,10.0,282.0,1.0,10.0,282.0,1.0,1.0,0.5,0.470784641068,2.0,0.0646532098953,2,0,0,0,0,0.0,-5.0,61.0,0.0,-5.0,61.0,0.0,0.0,0.5,0.529215358932,1.0,0.0715224032482,1,1,0,0,0,baidu
0.125,0.1125,0.0,0,0.125,0.118055555556,0.0,0,0.0,-0.00555555555556,0.0,0,9,1,1.0,5.0,185.0,0.333333333333,325.0,150.0,0.75,0.805454545455,0.25,0.272727272727,3.0,0.116052720514,3,0,0,1,0,1.0,5.0,113.0,0.5,130.0,323.0,1.0,1.0,0.333333333333,0.526058631922,4.0,0.194065738821,2,0,0,1,0,0.0,0.0,72.0,-0.166666666667,195.0,-173.0,-0.25,-0.194545454545,-0.0833333333333,-0.253331359195,-1.0,-0.0780130183078,1,0,0,0,0,sogou
0.166666666667,0.166666666667,0.0,0,0.166666666667,0.166666666667,0.0,0,0.0,0.0,0.0,0,12,2,1.0,5.0,107.0,0.5,126.0,104.0,1.0,1.0,0.5,0.571948998179,5.0,0.179843717201,4,0,0,1,0,1.0,5.0,134.0,0.111111111111,997.0,184.0,0.6,0.7,0.0,0.0,0.0,0.0,2,0,0,1,0,0.0,0.0,-27.0,0.388888888889,-871.0,-80.0,0.4,0.3,0.5,0.571948998179,5.0,0.179843717201,2,0,0,0,0,baidu
1.0,1.0,0.2,1,1.0,1.0,0.333333333333,1,0.0,0.0,-0.133333333333,0,16,4,1.0,5.0,110.0,1.0,5.0,110.0,1.0,1.0,1.0,1.0,5.0,0.153905380837,1,0,0,0,0,0.5,105.0,216.0,0.5,105.0,216.0,0.666666666667,0.843806104129,0.666666666667,0.843806104129,8.0,0.293102660356,1,0,0,0,1,0.5,-100.0,-106.0,0.5,-100.0,-106.0,0.333333333333,0.156193895871,0.333333333333,0.156193895871,-3.0,-0.139197279518,0,0,0,0,-1,sogou
0.125,0.125,0.0,0,0.142857142857,0.142857142857,0.0,0,-0.0178571428571,-0.0178571428571,0.0,0,21,3,1.0,5.0,109.0,1.0,5.0,109.0,0.4,0.46088794926,0.4,0.46088794926,2.0,0.07132359298,1,0,0,0,0,1.0,5.0,538.0,1.0,5.0,538.0,0.5,0.8608,0.5,0.8608,5.0,0.163258181818,1,0,0,0,0,0.0,0.0,-429.0,0.0,0.0,-429.0,-0.1,-0.39991205074,-0.1,-0.39991205074,-3.0,-0.0919345888382,0,0,0,0,0,sogou
1.0,1.0,0.25,1,0.333333333333,0.333333333333,0.25,1,0.666666666667,0.666666666667,0.0,0,11,3,1.0,5.0,216.0,1.0,5.0,216.0,0.75,0.836223506744,0.75,0.836223506744,3.0,0.100103143735,3,0,0,0,0,1.0,5.0,90.0,0.5,107.0,206.0,0.75,0.838589981447,0.25,0.382189239332,4.0,0.151445437679,3,0,0,0,0,0.0,0.0,126.0,0.5,-102.0,10.0,0.0,-0.00236647470339,0.5,0.454034267412,-1.0,-0.0513422939441,0,0,0,0,0,sogou
0.333333333333,0.333333333333,0.333333333333,1,0.25,0.25,0.2,1,0.0833333333333,0.0833333333333,0.133333333333,0,9,2,1.0,5.0,109.0,1.0,5.0,109.0,1.0,1.0,1.0,1.0,7.0,0.198983658249,2,0,0,0,0,1.0,5.0,136.0,0.5,153.0,136.0,1.0,1.0,0.2,0.231292517007,1.0,0.0347062461348,2,0,0,0,0,0.0,0.0,-27.0,0.5,-148.0,-27.0,0.0,0.0,0.8,0.768707482993,6.0,0.164277412114,0,0,0,0,0,baidu
0.0,0,0.0,0,0.0,0,0.0,0,0.0,0,0.0,0,21,3,1.0,5.0,111.0,1.0,5.0,111.0,0.4,0.423892100193,0.4,0.423892100193,2.0,0.0650020413864,1,0,0,0,0,1.0,5.0,178.0,0,-1,0,0.4,0.52652259332,0.0,0.0,0.0,0.0,2,0,0,1,0,0.0,0.0,-67.0,1.0,6.0,111.0,0.0,-0.102630493128,0.4,0.423892100193,2.0,0.0650020413864,-1,0,0,-1,0,baidu
1.0,1.0,0.2,1,0.5,0.5,0.2,1,0.5,0.5,0.0,0,15,3,1.0,5.0,129.0,1.0,5.0,129.0,0.4,0.499017681729,0.2,0.253438113949,1.0,0.0402093177818,2,0,0,1,0,1.0,5.0,92.0,0,-1,0,0.6,0.716101694915,0.0,0.0,0.0,0.0,3,0,0,1,0,0.0,0.0,37.0,1.0,6.0,129.0,-0.2,-0.217084013186,0.2,0.253438113949,1.0,0.0402093177818,-1,0,0,0,0,baidu
0.0,0,0.0,0,0.0,0,0.0,0,0.0,0,0.0,0,24,4,1.0,5.0,256.0,1.0,5.0,256.0,0.25,0.500978473581,0.25,0.500978473581,8.0,0.363093722492,1,0,0,0,0,1.0,5.0,90.0,0,-1,0,0.666666666667,0.674157303371,0.0,0.0,0.0,0.0,1,0,0,0,0,0.0,0.0,166.0,1.0,6.0,256.0,-0.416666666667,-0.17317882979,0.25,0.500978473581,8.0,0.363093722492,0,0,0,0,0,baidu
0.0,0,0.0,0,0.0,0,0.0,0,0.0,0,0.0,0,22,4,1.0,5.0,145.0,0.25,362.0,109.0,0.4,0.499017681729,0.2,0.214145383104,1.0,0.0331395476224,2,0,0,1,0,1.0,5.0,112.0,0,-1,0,0.8,0.83738317757,0.0,0.0,0.0,0.0,3,1,0,1,0,0.0,0.0,33.0,0.25,363.0,109.0,-0.4,-0.338365495841,0.2,0.214145383104,1.0,0.0331395476224,-1,-1,0,0,0,baidu
0.5,0.5,0.2,1,0.2,0.2,0.0,0,0.3,0.3,0.2,1,22,4,1.0,5.0,109.0,1.0,5.0,109.0,0.6,0.738675958188,0.4,0.55574912892,5.0,0.172010802689,3,0,0,1,0,1.0,10.0,279.0,0.5,289.0,215.0,0.666666666667,0.770670826833,0.333333333333,0.335413416537,4.0,0.169488823349,1,0,0,0,0,0.0,-5.0,-170.0,0.5,-284.0,-106.0,-0.0666666666667,-0.0319948686449,0.0666666666667,0.220335712383,1.0,0.00252197934046,2,0,0,1,0,sogou
0.166666666667,0.154761904762,0.0,0,1.0,0.75,0.4,1,-0.833333333333,-0.595238095238,-0.4,-1,30,4,1.0,5.0,130.0,1.0,5.0,130.0,1.0,1.0,1.0,1.0,5.0,0.175923705214,4,0,0,0,0,1.0,5.0,216.0,1.0,5.0,216.0,1.0,1.0,0.2,0.364864864865,3.0,0.103415233415,3,0,0,0,1,0.0,0.0,-86.0,0.0,0.0,-86.0,0.0,0.0,0.8,0.635135135135,2.0,0.0725084717986,1,0,0,0,-1,sogou
0.25,0.25,0.25,1,0.125,0.125,0.0,0,0.125,0.125,0.25,1,15,2,1.0,5.0,229.0,1.0,5.0,229.0,0.75,0.823432343234,0.25,0.377887788779,4.0,0.130381439631,2,0,0,1,0,1.0,5.0,177.0,1.0,5.0,177.0,1.0,1.0,0.75,0.813643926789,8.0,0.231680532446,4,0,0,1,0,0.0,0.0,52.0,0.0,0.0,52.0,-0.25,-0.176567656766,-0.5,-0.43575613801,-4.0,-0.101299092815,-2,0,0,0,0,sogou
0.25,0.25,0.25,1,1.0,1.0,0.2,1,-0.75,-0.75,0.05,0,10,3,1.0,5.0,169.0,1.0,5.0,169.0,0.75,0.817987152034,0.75,0.817987152034,3.0,0.139663915047,2,1,0,0,0,0.5,105.0,112.0,0.166666666667,556.0,228.0,0.6,0.644171779141,0.0,0.0,0.0,0.0,3,1,0,1,0,0.5,-100.0,57.0,0.833333333333,-551.0,-59.0,0.15,0.173815372893,0.75,0.817987152034,3.0,0.139663915047,-1,0,0,-1,0,baidu
0.25,0.225,0.4,1,0.25,0.180555555556,0.25,1,0.0,0.0444444444444,0.15,0,19,4,1.0,5.0,129.0,1.0,5.0,129.0,0.8,0.848857644991,0.8,0.848857644991,4.0,0.137553001744,2,0,0,0,0,1.0,5.0,231.0,1.0,5.0,231.0,1.0,1.0,0.75,0.844020797227,4.0,0.129522609107,3,0,0,0,0,0.0,0.0,-102.0,0.0,0.0,-102.0,-0.2,-0.151142355009,0.05,0.00483684776418,0.0,0.00803039263774,-1,0,0,0,0,sogou
0.0,0,0.0,0,0.0,0,0.0,0,0.0,0,0.0,0,21,3,0.166666666667,500.0,109.0,0.166666666667,500.0,109.0,0.166666666667,0.204119850187,0.166666666667,0.204119850187,1.0,0.0315880706737,1,0,0,0,0,1.0,5.0,90.0,0.2,455.0,206.0,0.8,0.856672158155,0.2,0.339373970346,4.0,0.134479556687,3,0,0,1,0,-0.833333333333,495.0,19.0,-0.0333333333333,45.0,-97.0,-0.633333333333,-0.652552307968,-0.0333333333333,-0.135254120159,-3.0,-0.102891486013,-2,0,0,-1,0,sogou
0.0,0,0.0,0,0.0,0,0.0,0,0.0,0,0.0,0,24,5,0.333333333333,225.0,105.0,0,-1,0,0.166666666667,0.190217391304,0.0,0.0,0.0,0.0,1,0,0,1,0,1.0,5.0,224.0,0,-1,0,1.0,1.0,0.0,0.0,0.0,0.0,3,0,0,1,0,-0.666666666667,220.0,-119.0,0,0,0,-0.833333333333,-0.809782608696,0.0,0.0,0.0,0.0,-2,0,0,0,0,sogou
1.0,0.583333333333,0.6,1,0.5,0.319444444444,0.4,1,0.5,0.263888888889,0.2,0,15,2,1.0,5.0,109.0,1.0,5.0,109.0,1.0,1.0,0.8,0.828846153846,4.0,0.129754074921,2,0,0,0,0,1.0,5.0,122.0,0.333333333333,239.0,130.0,0.6,0.691489361702,0.2,0.230496453901,1.0,0.0272856221792,2,0,0,1,0,0.0,0.0,-13.0,0.666666666667,-234.0,-21.0,0.4,0.308510638298,0.6,0.598349699945,3.0,0.102468452742,0,0,0,-1,0,sogou
0.5,0.316666666667,0.5,1,0.333333333333,0.214814814815,0.25,1,0.166666666667,0.101851851852,0.25,0,18,3,1.0,5.0,492.0,1.0,5.0,492.0,1.0,1.0,1.0,1.0,10.0,0.588866919488,2,0,0,0,0,1.0,5.0,103.0,0.5,120.0,275.0,1.0,1.0,0.5,0.676174496644,6.0,0.201333129957,2,0,0,0,0,0.0,0.0,389.0,0.5,-115.0,217.0,0.0,0.0,0.5,0.323825503356,4.0,0.387533789531,0,0,0,0,0,baidu
0.0,0,0.0,0,0.0,0,0.0,0,0.0,0,0.0,0,18,5,1.0,5.0,110.0,1.0,5.0,110.0,1.0,1.0,0.4,0.40782122905,2.0,0.0628232020103,3,0,0,1,0,0.333333333333,205.0,90.0,0.2,409.0,228.0,0.6,0.701030927835,0.2,0.39175257732,1.0,0.0312527335208,2,0,0,0,0,0.666666666667,-200.0,20.0,0.8,-404.0,-118.0,0.4,0.298969072165,0.2,0.0160686517307,1.0,0.0315704684896,1,0,0,1,0,sogou
0.5,0.35,0.333333333333,1,1.0,0.625,0.5,1,-0.5,-0.275,-0.166666666667,0,13,2,1.0,5.0,169.0,1.0,5.0,169.0,1.0,1.0,1.0,1.0,3.0,0.169094745303,3,1,0,0,0,1.0,5.0,134.0,0.5,151.0,185.0,1.0,1.0,0.25,0.354406130268,1.0,0.00491118077325,3,0,0,0,0,0.0,0.0,35.0,0.5,-146.0,-16.0,0.0,0.0,0.75,0.645593869732,2.0,0.16418356453,0,1,0,0,0,baidu
0.5,0.361111111111,0.0,0,0.333333333333,0.242063492063,0.333333333333,1,0.166666666667,0.119047619048,-0.333333333333,-1,12,2,1.0,5.0,540.0,1.0,5.0,540.0,1.0,1.0,1.0,1.0,12.0,0.607249070632,1,0,0,0,0,1.0,5.0,319.0,1.0,5.0,319.0,1.0,1.0,0.333333333333,0.512861736334,10.0,0.342847120725,3,0,0,1,0,0.0,0.0,221.0,0.0,0.0,221.0,0.0,0.0,0.666666666667,0.487138263666,2.0,0.264401949907,-2,0,0,-1,0,baidu
0.333333333333,0.2125,0.4,1,0.25,0.154464285714,0.25,1,0.0833333333333,0.0580357142857,0.15,0,15,2,0.5,104.0,169.0,0.5,104.0,169.0,0.4,0.543010752688,0.4,0.543010752688,2.0,0.0931066874525,2,1,0,0,0,1.0,5.0,144.0,0.166666666667,686.0,140.0,0.75,0.835849056604,0.0,0.0,0.0,0.0,2,0,0,0,0,-0.5,99.0,25.0,0.333333333333,-582.0,29.0,-0.35,-0.292838303916,0.4,0.543010752688,2.0,0.0931066874525,0,1,0,0,0,baidu
0.5,0.344444444444,0.666666666667,1,0.333333333333,0.214814814815,0.333333333333,1,0.166666666667,0.12962962963,0.333333333333,0,24,4,1.0,5.0,251.0,0.142857142857,888.0,109.0,0.666666666667,0.837786259542,0.0,0.0,0.0,0.0,2,0,0,1,0,1.0,5.0,230.0,0.5,247.0,173.0,1.0,1.0,0.333333333333,0.335922330097,1.0,0.0590079435128,2,0,0,1,0,0.0,0.0,21.0,-0.357142857143,641.0,-64.0,-0.333333333333,-0.162213740458,-0.333333333333,-0.335922330097,-1.0,-0.0590079435128,0,0,0,0,0,sogou
1.0,0.75,0.5,1,1.0,0.555555555556,0.2,1,0.0,0.194444444444,0.3,0,30,7,1.0,5.0,243.0,1.0,5.0,243.0,1.0,1.0,0.75,0.786689419795,6.0,0.198808632655,3,0,0,0,1,1.0,5.0,90.0,0,-1,0,1.0,1.0,0.0,0.0,0.0,0.0,3,0,0,1,1,0.0,0.0,153.0,1.0,6.0,243.0,0.0,0.0,0.75,0.786689419795,6.0,0.198808632655,0,0,0,-1,0,sogou
1.0,0.330555555556,0.5,1,1.0,0.380555555556,0.5,1,0.0,-0.05,0.0,0,27,4,0.333333333333,203.0,109.0,0.333333333333,203.0,109.0,0.333333333333,0.390681003584,0.333333333333,0.390681003584,2.0,0.0604588879562,2,0,0,0,0,0.5,105.0,90.0,0.1,1119.0,228.0,0.75,0.807095343681,0.0,0.0,0.0,0.0,2,0,0,1,1,-0.166666666667,98.0,19.0,0.233333333333,-916.0,-119.0,-0.416666666667,-0.416414340096,0.333333333333,0.390681003584,2.0,0.0604588879562,0,0,0,-1,-1,sogou
0.25,0.197619047619,0.0,0,0.142857142857,0.126322751323,0.0,0,0.107142857143,0.0712962962963,0.0,0,12,2,1.0,5.0,129.0,1.0,5.0,129.0,1.0,1.0,0.666666666667,0.507352941176,3.0,0.136066996501,3,1,0,0,0,1.0,5.0,133.0,0.5,150.0,197.0,1.0,1.0,0.25,0.336752136752,4.0,0.160621600622,3,0,0,1,0,0.0,0.0,-4.0,0.5,-145.0,-68.0,0.0,0.0,0.416666666667,0.170600804424,-1.0,-0.0245546041204,0,1,0,-1,0,baidu
0.0,0,0.0,0,0.0,0,0.0,0,0.0,0,0.0,0,12,2,1.0,5.0,154.0,1.0,5.0,154.0,0.8,0.850088183422,0.8,0.850088183422,7.0,0.222802462579,2,0,0,0,0,0.5,105.0,112.0,0,-1,0,0.333333333333,0.391608391608,0.0,0.0,0.0,0.0,1,0,0,1,0,0.5,-100.0,42.0,1.0,6.0,154.0,0.466666666667,0.458479791813,0.8,0.850088183422,7.0,0.222802462579,1,0,0,-1,0,baidu
1.0,0.472222222222,0.4,1,0.5,0.325396825397,0.333333333333,1,0.5,0.146825396825,0.0666666666667,0,24,4,1.0,5.0,109.0,1.0,5.0,109.0,0.8,0.828973843058,0.6,0.657947686117,3.0,0.101819092997,2,0,0,0,0,1.0,5.0,90.0,0,-1,0,0.833333333333,0.837988826816,0.0,0.0,0.0,0.0,1,0,0,0,0,0.0,0.0,19.0,1.0,6.0,109.0,-0.0333333333333,-0.00901498375729,0.6,0.657947686117,3.0,0.101819092997,1,0,0,0,0,baidu
0.5,0.314814814815,0.666666666667,1,1.0,0.486111111111,0.666666666667,1,-0.5,-0.171296296296,0.0,0,15,3,1.0,5.0,261.0,1.0,5.0,261.0,1.0,1.0,1.0,1.0,6.0,0.245102799484,3,0,0,0,1,0.5,105.0,254.0,0.5,105.0,254.0,0.666666666667,0.81045751634,0.333333333333,0.553376906318,4.0,0.177841156665,2,0,0,0,1,0.5,-100.0,7.0,0.5,-100.0,7.0,0.333333333333,0.18954248366,0.666666666667,0.446623093682,2.0,0.0672616428194,1,0,0,0,0,sogou
0.0,0,0.0,0,0.0,0,0.0,0,0.0,0,0.0,0,30,5,1.0,5.0,148.0,0,-1,0,0.6,0.67803030303,0.0,0.0,0.0,0.0,2,0,0,1,0,1.0,5.0,178.0,0,-1,0,0.75,0.830409356725,0.0,0.0,0.0,0.0,3,0,0,1,0,0.0,0.0,-30.0,0,0,0,-0.15,-0.152379053695,0.0,0.0,0.0,0.0,-1,0,0,0,0,baidu
0.5,0.5,0.166666666667,1,0.125,0.125,0.0,0,0.375,0.375,0.166666666667,1,24,5,0.25,302.0,109.0,0.25,302.0,109.0,0.333333333333,0.386281588448,0.166666666667,0.196750902527,1.0,0.0304477071115,2,0,0,1,0,0.166666666667,505.0,180.0,0,-1,0,0.166666666667,0.292682926829,0.0,0.0,0.0,0.0,1,0,0,1,0,0.0833333333333,-203.0,-71.0,0.25,303.0,109.0,0.166666666667,0.0935986616184,0.166666666667,0.196750902527,1.0,0.0304477071115,1,0,0,0,0,baidu
0.25,0.25,0.25,1,0.166666666667,0.166666666667,0.0,0,0.0833333333333,0.0833333333333,0.25,1,27,5,1.0,5.0,202.0,0.2,562.0,109.0,0.25,0.403193612774,0.0,0.0,0.0,0.0,1,0,0,0,0,1.0,5.0,112.0,0,-1,0,1.0,1.0,0.0,0.0,0.0,0.0,2,0,0,1,0,0.0,0.0,90.0,0.2,563.0,109.0,-0.75,-0.596806387226,0.0,0.0,0.0,0.0,-1,0,0,-1,0,baidu
1.0,0.477777777778,0.4,1,0.2,0.141666666667,0.2,1,0.8,0.336111111111,0.2,0,21,4,1.0,5.0,192.0,1.0,5.0,192.0,0.6,0.703125,0.6,0.703125,6.0,0.214500077447,2,0,0,0,0,1.0,5.0,118.0,1.0,5.0,118.0,1.0,1.0,0.2,0.216117216117,1.0,0.0333133533134,2,0,0,1,0,0.0,0.0,74.0,0.0,0.0,74.0,-0.4,-0.296875,0.4,0.487007783883,5.0,0.181186724134,0,0,0,-1,0,sogou
0.25,0.208333333333,0.25,1,1.0,0.625,0.5,1,-0.75,-0.416666666667,-0.25,0,27,4,1.0,5.0,89.0,0.5,108.0,109.0,1.0,1.0,0.75,0.823061630219,6.0,0.231614033272,3,0,0,0,1,1.0,5.0,162.0,0.142857142857,851.0,228.0,1.0,1.0,0.0,0.0,0.0,0.0,3,0,0,1,1,0.0,0.0,-73.0,0.357142857143,-743.0,-119.0,0.0,0.0,0.75,0.823061630219,6.0,0.231614033272,0,0,0,-1,0,sogou
1.0,0.55,0.25,1,1.0,0.625,0.333333333333,1,0.0,-0.075,-0.0833333333333,0,9,2,1.0,5.0,229.0,1.0,5.0,229.0,0.5,0.662027833002,0.5,0.662027833002,2.0,0.0543209146607,2,0,0,1,0,1.0,5.0,233.0,0.111111111111,1176.0,228.0,1.0,1.0,0.0,0.0,0.0,0.0,3,0,0,1,0,0.0,0.0,-4.0,0.888888888889,-1171.0,1.0,-0.5,-0.337972166998,0.5,0.662027833002,2.0,0.0543209146607,-1,0,0,0,0,sogou
0.0,0,0.0,0,0.0,0,0.0,0,0.0,0,0.0,0,27,4,1.0,5.0,144.0,1.0,5.0,144.0,0.8,0.846014492754,0.6,0.655797101449,3.0,0.0916740746727,2,0,0,1,0,1.0,5.0,233.0,0.166666666667,700.0,228.0,1.0,1.0,0.0,0.0,0.0,0.0,3,0,0,1,0,0.0,0.0,-89.0,0.833333333333,-695.0,-84.0,-0.2,-0.153985507246,0.6,0.655797101449,3.0,0.0916740746727,-1,0,0,0,0,baidu
0.0,0,0.0,0,0.0,0,0.0,0,0.0,0,0.0,0,12,3,1.0,5.0,152.0,1.0,5.0,152.0,0.6,0.705372616984,0.4,0.523396880416,2.0,0.0667630932976,2,1,0,1,0,1.0,5.0,138.0,0.166666666667,627.0,206.0,0.4,0.533094812165,0.0,0.0,0.0,0.0,2,0,0,1,0,0.0,0.0,14.0,0.833333333333,-622.0,-54.0,0.2,0.17227780482,0.4,0.523396880416,2.0,0.0667630932976,0,1,0,0,0,baidu
1.0,0.6,0.333333333333,1,0.333333333333,0.25,0.25,1,0.666666666667,0.35,0.0833333333333,0,18,3,1.0,5.0,109.0,1.0,5.0,109.0,1.0,1.0,1.0,1.0,6.0,0.266073088157,3,1,0,0,0,1.0,5.0,206.0,1.0,5.0,206.0,0.75,0.822085889571,0.25,0.421267893661,4.0,0.166930656256,1,0,0,0,0,0.0,0.0,-97.0,0.0,0.0,-97.0,0.25,0.177914110429,0.75,0.578732106339,2.0,0.0991424319014,2,1,0,0,0,baidu
0.25,0.208333333333,0.2,1,1.0,0.625,0.4,1,-0.75,-0.416666666667,-0.2,0,19,4,1.0,5.0,185.0,0.333333333333,325.0,109.0,0.4,0.514886164623,0.2,0.190893169877,1.0,0.0295412079506,2,0,0,1,0,1.0,5.0,90.0,0.125,871.0,118.0,0.8,0.849740932642,0.0,0.0,0.0,0.0,2,0,0,1,0,0.0,0.0,95.0,0.208333333333,-546.0,-9.0,-0.4,-0.334854768019,0.2,0.190893169877,1.0,0.0295412079506,0,0,0,0,0,sogou
0.0,0,0.0,0,0.0,0,0.0,0,0.0,0,0.0,0,26,3,1.0,5.0,109.0,1.0,5.0,109.0,0.8,0.852941176471,0.6,0.567474048443,3.0,0.0875503273691,2,0,0,1,0,1.0,5.0,92.0,0.25,429.0,118.0,1.0,1.0,0.25,0.236,1.0,0.0363781818182,4,0,0,1,0,0.0,0.0,17.0,0.75,-424.0,-9.0,-0.2,-0.147058823529,0.35,0.331474048443,2.0,0.0511721455509,-2,0,0,0,0,baidu
0.5,0.321428571429,0.5,1,0.25,0.196428571429,0.0,0,0.25,0.125,0.5,1,12,2,1.0,5.0,410.0,1.0,5.0,410.0,1.0,1.0,1.0,1.0,2.0,0.0725738446738,2,0,0,0,0,1.0,5.0,206.0,1.0,5.0,206.0,1.0,1.0,0.666666666667,0.871134020619,5.0,0.144942205561,2,0,0,0,0,0.0,0.0,204.0,0.0,0.0,204.0,0.0,0.0,0.333333333333,0.128865979381,-3.0,-0.072368360887,0,0,0,0,0,baidu
0.111111111111,0.111111111111,0.0,0,0.2,0.2,0.0,0,-0.0888888888889,-0.0888888888889,0.0,0,14,3,1.0,5.0,343.0,1.0,5.0,343.0,1.0,1.0,0.333333333333,0.559543230016,1.0,0.0590702074628,2,0,0,1,0,1.0,10.0,282.0,1.0,10.0,282.0,1.0,1.0,0.333333333333,0.449044585987,2.0,0.0616676317313,2,0,0,0,0,0.0,-5.0,61.0,0.0,-5.0,61.0,0.0,0.0,0.0,0.110498644029,-1.0,-0.00259742426849,0,0,0,1,0,baidu
0.2,0.155555555556,0.0,0,0.166666666667,0.144841269841,0.0,0,0.0333333333333,0.0107142857143,0.0,0,15,2,1.0,5.0,129.0,1.0,5.0,129.0,1.0,1.0,1.0,1.0,5.0,0.135304702068,4,1,1,0,0,1.0,5.0,113.0,0.5,130.0,326.0,1.0,1.0,0.666666666667,0.838108882521,8.0,0.358205261787,3,1,0,0,0,0.0,0.0,16.0,0.5,-125.0,-197.0,0.0,0.0,0.333333333333,0.161891117479,-3.0,-0.222900559719,1,0,1,0,0,sogou
0.25,0.25,0.2,1,0.166666666667,0.166666666667,0.0,0,0.0833333333333,0.0833333333333,0.2,1,24,4,1.0,5.0,145.0,0.166666666667,660.0,169.0,1.0,1.0,0.0,0.0,0.0,0.0,1,0,0,1,0,1.0,5.0,180.0,0,-1,0,1.0,1.0,0.0,0.0,0.0,0.0,2,0,0,1,0,0.0,0.0,-35.0,0.166666666667,661.0,169.0,0.0,0.0,0.0,0.0,0.0,0.0,-1,0,0,0,0,sogou
0.5,0.5,0.333333333333,1,0.25,0.25,0.0,0,0.25,0.25,0.333333333333,1,12,2,1.0,5.0,319.0,1.0,5.0,319.0,1.0,1.0,1.0,1.0,10.0,0.337123755846,2,0,0,0,0,1.0,5.0,394.0,1.0,5.0,394.0,0.5,0.819126819127,0.5,0.819126819127,8.0,0.339414099414,1,0,0,0,0,0.0,0.0,-75.0,0.0,0.0,-75.0,0.5,0.180873180873,0.5,0.180873180873,2.0,-0.00229034356807,1,0,0,0,0,baidu
0.142857142857,0.121428571429,0.0,0,0.5,0.35,0.333333333333,1,-0.357142857143,-0.228571428571,-0.333333333333,-1,24,7,1.0,5.0,254.0,1.0,5.0,254.0,0.75,0.847122302158,0.5,0.652877697842,7.0,0.339887940948,3,0,0,0,0,0.25,285.0,112.0,0,-1,0,0.5,0.547842401501,0.0,0.0,0.0,0.0,3,0,0,1,0,0.75,-280.0,142.0,1.0,6.0,254.0,0.25,0.299279900657,0.5,0.652877697842,7.0,0.339887940948,0,0,0,-1,0,baidu
0.333333333333,0.177777777778,0.25,1,1.0,0.420833333333,0.75,1,-0.666666666667,-0.243055555556,-0.5,0,24,4,1.0,5.0,89.0,0.5,108.0,109.0,0.75,0.858569051581,0.5,0.710482529118,2.0,0.259561202209,3,1,1,0,0,0.5,125.0,175.0,0.5,125.0,175.0,0.25,0.352822580645,0.25,0.352822580645,1.0,0.0164552785924,1,0,0,0,0,0.5,-120.0,-86.0,0.0,-17.0,-66.0,0.5,0.505746470936,0.25,0.357659948473,1.0,0.243105923617,2,1,1,0,0,baidu
0.333333333333,0.333333333333,0.333333333333,1,0.25,0.25,0.0,0,0.0833333333333,0.0833333333333,0.333333333333,1,18,3,1.0,5.0,150.0,1.0,5.0,150.0,1.0,1.0,1.0,1.0,4.0,0.282496536419,3,0,1,0,0,1.0,5.0,326.0,1.0,5.0,326.0,0.666666666667,0.858306188925,0.666666666667,0.858306188925,5.0,0.334071661238,2,0,1,0,0,0.0,0.0,-176.0,0.0,0.0,-176.0,0.333333333333,0.141693811075,0.333333333333,0.141693811075,-1.0,-0.0515751248185,1,0,0,0,0,baidu
0.25,0.167989417989,0.25,1,0.5,0.27037037037,0.25,1,-0.25,-0.102380952381,0.0,0,30,4,1.0,5.0,167.0,1.0,5.0,167.0,1.0,1.0,0.5,0.589490968801,5.0,0.192722544729,2,0,0,1,0,1.0,5.0,259.0,1.0,5.0,259.0,1.0,1.0,0.25,0.450434782609,2.0,0.0505296442688,3,0,0,1,0,0.0,0.0,-92.0,0.0,0.0,-92.0,0.0,0.0,0.25,0.139056186193,3.0,0.14219290046,-1,0,0,0,0,sogou
0.0,0,0.0,0,0.0,0,0.0,0,0.0,0,0.0,0,37,6,0.2,402.0,85.0,0.125,759.0,109.0,0.333333333333,0.38112522686,0.0,0.0,0.0,0.0,2,0,0,1,0,1.0,5.0,180.0,0.333333333333,297.0,184.0,0.5,0.676579925651,0.25,0.342007434944,1.0,0.0338087191619,2,0,0,1,0,-0.8,397.0,-95.0,-0.208333333333,462.0,-75.0,-0.166666666667,-0.29545469879,-0.25,-0.342007434944,-1.0,-0.0338087191619,0,0,0,0,0,sogou
0.333333333333,0.266666666667,0.25,1,0.5,0.416666666667,0.4,1,-0.166666666667,-0.15,-0.15,0,12,2,1.0,5.0,188.0,0.25,405.0,193.0,0.75,0.845735027223,0.25,0.350272232305,5.0,0.162391461284,2,0,0,0,0,1.0,5.0,178.0,0.166666666667,647.0,140.0,1.0,1.0,0.0,0.0,0.0,0.0,2,0,0,0,0,0.0,0.0,10.0,0.0833333333333,-242.0,53.0,-0.25,-0.154264972777,0.25,0.350272232305,5.0,0.162391461284,0,0,0,0,0,baidu
0.166666666667,0.166666666667,0.0,0,0.111111111111,0.111111111111,0.0,0,0.0555555555556,0.0555555555556,0.0,0,12,2,1.0,5.0,239.0,1.0,5.0,239.0,1.0,1.0,1.0,1.0,7.0,0.300643959673,3,1,0,0,0,1.0,5.0,217.0,1.0,5.0,217.0,0.8,0.854026845638,0.2,0.364093959732,4.0,0.190848078096,4,0,0,1,1,0.0,0.0,22.0,0.0,0.0,22.0,0.2,0.145973154362,0.8,0.635906040268,3.0,0.109795881577,-1,1,0,-1,-1,baidu
1.0,1.0,0.25,1,0.5,0.5,0.25,1,0.5,0.5,0.0,0,24,4,1.0,5.0,243.0,1.0,5.0,243.0,0.75,0.854948805461,0.75,0.854948805461,6.0,0.198808632655,2,0,0,1,1,1.0,5.0,133.0,1.0,5.0,133.0,0.75,0.842960288809,0.75,0.842960288809,5.0,0.180177223499,3,1,0,0,1,0.0,0.0,110.0,0.0,0.0,110.0,0.0,0.0119885166521,0.0,0.0119885166521,1.0,0.0186314091569,-1,-1,0,1,0,sogou
0.0,0,0.0,0,0.0,0,0.0,0,0.0,0,0.0,0,30,6,1.0,5.0,243.0,1.0,5.0,243.0,0.666666666667,0.793834296724,0.666666666667,0.793834296724,7.0,0.221830658043,2,1,0,0,0,1.0,5.0,90.0,0.25,309.0,206.0,0.8,0.857142857143,0.2,0.338259441708,1.0,0.0298671443499,3,0,0,1,0,0.0,0.0,153.0,0.75,-304.0,37.0,-0.133333333333,-0.0633085604184,0.466666666667,0.455574855017,6.0,0.191963513693,-1,1,0,-1,0,baidu
0.5,0.333333333333,0.25,1,0.5,0.3125,0.25,1,0.0,0.0208333333333,0.0,0,18,5,1.0,5.0,129.0,1.0,5.0,129.0,0.75,0.843462246777,0.75,0.843462246777,3.0,0.106447726044,3,1,0,1,0,1.0,5.0,162.0,0.25,471.0,228.0,0.75,0.867579908676,0.25,0.34703196347,1.0,0.0276850698769,3,0,0,1,1,0.0,0.0,-33.0,0.75,-466.0,-99.0,0.0,-0.0241176618986,0.5,0.496430283307,2.0,0.0787626561667,0,1,0,0,-1,baidu
0.25,0.25,0.0,0,0.1,0.1,0.0,0,0.15,0.15,0.0,0,15,3,1.0,5.0,305.0,1.0,5.0,305.0,1.0,1.0,1.0,1.0,4.0,0.151664085959,3,0,0,0,0,1.0,13.0,340.0,1.0,13.0,340.0,1.0,1.0,1.0,1.0,2.0,0.0314003050092,1,0,0,0,0,0.0,-8.0,-35.0,0.0,-8.0,-35.0,0.0,0.0,0.0,0.0,2.0,0.12026378095,2,0,0,0,0,sogou
1.0,0.583333333333,0.25,1,0.142857142857,0.121428571429,0.0,0,0.857142857143,0.461904761905,0.25,1,12,2,1.0,5.0,229.0,1.0,5.0,229.0,0.75,0.877819548872,0.75,0.877819548872,3.0,0.0898307571904,3,1,0,1,0,1.0,5.0,90.0,0.166666666667,608.0,228.0,1.0,1.0,0.0,0.0,0.0,0.0,3,1,0,1,0,0.0,0.0,139.0,0.833333333333,-603.0,1.0,-0.25,-0.122180451128,0.75,0.877819548872,3.0,0.0898307571904,0,0,0,0,0,sogou
0.0,0,0.0,0,0.0,0,0.0,0,0.0,0,0.0,0,21,5,1.0,5.0,145.0,0.333333333333,285.0,109.0,0.6,0.654054054054,0.4,0.392792792793,2.0,0.060785692756,2,0,0,0,0,1.0,5.0,178.0,0,-1,0,0.6,0.711610486891,0.0,0.0,0.0,0.0,3,0,0,1,0,0.0,0.0,-33.0,0.333333333333,286.0,109.0,0.0,-0.0575564328373,0.4,0.392792792793,2.0,0.060785692756,-1,0,0,-1,0,baidu
0.0,0,0.0,0,0.0,0,0.0,0,0.0,0,0.0,0,18,4,1.0,5.0,202.0,0.2,620.0,120.0,0.75,0.808586762075,0.0,0.0,0.0,0.0,2,0,0,1,0,1.0,5.0,112.0,0,-1,0,1.0,1.0,0.0,0.0,0.0,0.0,1,0,0,1,0,0.0,0.0,90.0,0.2,621.0,120.0,-0.25,-0.191413237925,0.0,0.0,0.0,0.0,1,0,0,0,0,baidu
1.0,1.0,0.333333333333,1,0.142857142857,0.142857142857,0.0,0,0.857142857143,0.857142857143,0.333333333333,1,14,3,1.0,5.0,243.0,1.0,5.0,243.0,1.0,1.0,0.666666666667,0.679376083189,5.0,0.172675613512,2,0,0,1,1,0.2,405.0,140.0,1.0,5.0,87.0,0.2,0.286885245902,0.2,0.286885245902,1.0,0.0372727272727,1,0,0,0,0,0.8,-400.0,103.0,0.0,0.0,156.0,0.8,0.713114754098,0.466666666667,0.392490837287,4.0,0.135402886239,1,0,0,1,1,baidu
1.0,0.611111111111,0.6,1,1.0,0.547619047619,0.4,1,0.0,0.0634920634921,0.2,0,12,2,1.0,5.0,109.0,1.0,5.0,109.0,0.6,0.657947686117,0.6,0.657947686117,3.0,0.101819092997,1,0,0,0,0,0.25,305.0,113.0,0.166666666667,510.0,228.0,0.2,0.256235827664,0.0,0.0,0.0,0.0,1,0,0,0,0,0.75,-300.0,-4.0,0.833333333333,-505.0,-119.0,0.4,0.401711858452,0.6,0.657947686117,3.0,0.101819092997,0,0,0,0,0,sogou
0.5,0.416666666667,0.4,1,0.5,0.375,0.5,1,0.0,0.0416666666667,-0.1,0,12,3,1.0,5.0,165.0,0.5,184.0,110.0,0.6,0.693140794224,0.4,0.395306859206,2.0,0.060895414223,2,0,0,0,0,1.0,5.0,112.0,0,-1,0,1.0,1.0,0.0,0.0,0.0,0.0,2,0,0,0,0,0.0,0.0,53.0,0.5,185.0,110.0,-0.4,-0.306859205776,0.4,0.395306859206,2.0,0.060895414223,0,0,0,0,0,baidu
0.5,0.5,0.2,1,0.25,0.25,0.25,1,0.25,0.25,-0.05,0,20,4,1.0,5.0,120.0,1.0,5.0,120.0,0.8,0.843462246777,0.8,0.843462246777,4.0,0.137512237535,3,0,0,0,0,1.0,5.0,198.0,0,-1,0,1.0,1.0,0.0,0.0,0.0,0.0,2,0,0,1,0,0.0,0.0,-78.0,1.0,6.0,120.0,-0.2,-0.156537753223,0.8,0.843462246777,4.0,0.137512237535,1,0,0,-1,0,baidu
0.2,0.183333333333,0.0,0,0.5,0.305555555556,0.333333333333,1,-0.3,-0.122222222222,-0.333333333333,-1,21,4,1.0,5.0,209.0,1.0,5.0,209.0,1.0,1.0,0.666666666667,0.809421841542,2.0,0.144961511825,2,1,0,0,0,1.0,5.0,244.0,0,-1,0,1.0,1.0,0.0,0.0,0.0,0.0,1,0,0,0,0,0.0,0.0,-35.0,1.0,6.0,209.0,0.0,0.0,0.666666666667,0.809421841542,2.0,0.144961511825,1,1,0,0,0,baidu
0.333333333333,0.333333333333,0.25,1,0.2,0.2,0.2,1,0.133333333333,0.133333333333,0.05,0,18,3,1.0,5.0,120.0,1.0,5.0,120.0,1.0,1.0,1.0,1.0,7.0,0.26954654792,2,0,0,0,0,1.0,5.0,90.0,0,-1,0,0.8,0.83615819209,0.0,0.0,0.0,0.0,2,0,0,0,0,0.0,0.0,30.0,1.0,6.0,120.0,0.2,0.16384180791,1.0,1.0,7.0,0.26954654792,0,0,0,0,0,baidu
0.333333333333,0.333333333333,0.166666666667,1,1.0,1.0,0.333333333333,1,-0.666666666667,-0.666666666667,-0.166666666667,0,12,2,0,-1,0,0,-1,0,0.0,0.0,0.0,0.0,0.0,0.0,0,0,0,0,0,0.5,105.0,373.0,0.5,105.0,373.0,0.333333333333,0.681901279707,0.333333333333,0.681901279707,4.0,0.217836130962,1,0,0,0,0,-0.5,-106.0,-373.0,-0.5,-106.0,-373.0,-0.333333333333,-0.681901279707,-0.333333333333,-0.681901279707,-4.0,-0.217836130962,-1,0,0,0,0,sogou
0.5,0.5,0.0,0,1.0,1.0,0.333333333333,1,-0.5,-0.5,-0.333333333333,-1,12,3,1.0,5.0,547.0,0.5,566.0,243.0,1.0,1.0,0.0,0.0,0.0,0.0,1,0,0,0,0,1.0,38.0,254.0,1.0,38.0,254.0,1.0,1.0,0.666666666667,0.811320754717,5.0,0.213912712026,2,1,0,0,1,0.0,-33.0,293.0,-0.5,528.0,-11.0,0.0,0.0,-0.666666666667,-0.811320754717,-5.0,-0.213912712026,-1,-1,0,0,-1,sogou
0.0,0,0.0,0,0.0,0,0.0,0,0.0,0,0.0,0,18,3,1.0,5.0,102.0,0.5,121.0,120.0,1.0,1.0,0.8,0.822299651568,4.0,0.13948939808,2,0,0,0,0,1.0,5.0,118.0,1.0,5.0,118.0,0.5,0.650602409639,0.5,0.650602409639,5.0,0.200438116101,2,0,0,0,0,0.0,0.0,-16.0,-0.5,116.0,2.0,0.5,0.349397590361,0.3,0.171697241929,-1.0,-0.0609487180204,0,0,0,0,0,baidu
0.333333333333,0.333333333333,0.2,1,0.111111111111,0.111111111111,0.0,0,0.222222222222,0.222222222222,0.2,1,8,2,0.5,104.0,109.0,0.5,104.0,109.0,0.4,0.465553235908,0.4,0.465553235908,2.0,0.0704301868049,2,0,0,0,0,0.333333333333,205.0,90.0,0,-1,0,0.666666666667,0.690391459075,0.0,0.0,0.0,0.0,2,0,0,0,0,0.166666666667,-101.0,19.0,0.5,105.0,109.0,-0.266666666667,-0.224838223167,0.4,0.465553235908,2.0,0.0704301868049,0,0,0,0,0,sogou
0.0,0,0.0,0,0.0,0,0.0,0,0.0,0,0.0,0,18,3,1.0,5.0,370.0,0.333333333333,554.0,109.0,1.0,1.0,0.0,0.0,0.0,0.0,2,0,0,1,0,1.0,5.0,408.0,0.333333333333,525.0,118.0,0.666666666667,0.858075040783,0.333333333333,0.192495921697,1.0,0.0296722527065,2,0,0,0,0,0.0,0.0,-38.0,0.0,29.0,-9.0,0.333333333333,0.141924959217,-0.333333333333,-0.192495921697,-1.0,-0.0296722527065,0,0,0,1,0,baidu
0.125,0.118055555556,0.0,0,0.5,0.321428571429,0.2,1,-0.375,-0.203373015873,-0.2,-1,12,3,1.0,5.0,169.0,1.0,5.0,169.0,0.75,0.837164750958,0.5,0.580459770115,2.0,0.0926341352248,2,1,0,0,0,0.5,105.0,166.0,0,-1,0,0.8,0.860128617363,0.0,0.0,0.0,0.0,3,0,0,0,0,0.5,-100.0,3.0,1.0,6.0,169.0,-0.05,-0.0229638664055,0.5,0.580459770115,2.0,0.0926341352248,-1,1,0,0,0,baidu
1.0,0.555555555556,0.5,1,1.0,0.611111111111,0.6,1,0.0,-0.0555555555556,-0.1,0,24,5,1.0,5.0,243.0,1.0,5.0,243.0,1.0,1.0,0.75,0.844322344322,6.0,0.213373367648,3,0,0,0,1,1.0,5.0,90.0,0,-1,0,1.0,1.0,0.0,0.0,0.0,0.0,3,0,0,1,1,0.0,0.0,153.0,1.0,6.0,243.0,0.0,0.0,0.75,0.844322344322,6.0,0.213373367648,0,0,0,-1,0,sogou
0.0,0,0.0,0,0.0,0,0.0,0,0.0,0,0.0,0,12,2,0.333333333333,225.0,268.0,0.166666666667,705.0,120.0,0.25,0.491743119266,0.0,0.0,0.0,0.0,1,0,0,0,0,1.0,5.0,178.0,0.166666666667,688.0,228.0,0.75,0.829411764706,0.0,0.0,0.0,0.0,2,0,0,0,0,-0.666666666667,220.0,90.0,0.0,17.0,-108.0,-0.5,-0.33766864544,0.0,0.0,0.0,0.0,-1,0,0,0,0,sogou
0.25,0.208333333333,0.25,1,1.0,0.75,0.4,1,-0.75,-0.541666666667,-0.15,0,18,3,1.0,5.0,165.0,0.5,184.0,137.0,1.0,1.0,0.75,0.682692307692,5.0,0.171825850729,3,0,0,0,0,1.0,5.0,112.0,0.111111111111,883.0,228.0,0.8,0.822810590631,0.0,0.0,0.0,0.0,3,0,0,1,0,0.0,0.0,53.0,0.388888888889,-699.0,-91.0,0.2,0.177189409369,0.75,0.682692307692,5.0,0.171825850729,0,0,0,-1,0,baidu
0.5,0.5,0.2,1,0.111111111111,0.111111111111,0.0,0,0.388888888889,0.388888888889,0.2,1,20,5,1.0,5.0,110.0,1.0,5.0,110.0,0.6,0.672447013487,0.6,0.672447013487,3.0,0.104436613161,2,0,0,0,0,1.0,5.0,112.0,0,-1,0,1.0,1.0,0.0,0.0,0.0,0.0,1,0,0,0,0,0.0,0.0,-2.0,1.0,6.0,110.0,-0.4,-0.327552986513,0.6,0.672447013487,3.0,0.104436613161,1,0,0,0,0,sogou
0.2,0.2,0.0,0,0.333333333333,0.333333333333,0.333333333333,1,-0.133333333333,-0.133333333333,-0.333333333333,-1,17,4,1.0,5.0,261.0,1.0,5.0,261.0,1.0,1.0,0.75,0.793046357616,6.0,0.19288387208,3,0,0,1,1,1.0,5.0,230.0,0.5,247.0,118.0,1.0,1.0,0.666666666667,0.59219858156,4.0,0.140799484204,3,0,0,1,1,0.0,0.0,31.0,0.5,-242.0,143.0,0.0,0.0,0.0833333333333,0.200847776056,2.0,0.0520843878758,0,0,0,0,0,sogou
0.333333333333,0.333333333333,0.25,1,0.5,0.5,0.5,1,-0.166666666667,-0.166666666667,-0.25,0,21,3,1.0,5.0,151.0,1.0,5.0,151.0,1.0,1.0,1.0,1.0,8.0,0.319406894221,4,0,0,0,0,1.0,5.0,437.0,1.0,5.0,437.0,1.0,1.0,0.5,0.795992714026,8.0,0.394343434343,2,0,0,1,0,0.0,0.0,-286.0,0.0,0.0,-286.0,0.0,0.0,0.5,0.204007285974,0.0,-0.0749365401224,2,0,0,-1,0,sogou
1.0,1.0,0.2,1,0.5,0.5,0.2,1,0.5,0.5,0.0,0,33,5,1.0,5.0,145.0,0.1,1036.0,109.0,0.4,0.514285714286,0.0,0.0,0.0,0.0,1,0,0,1,0,1.0,5.0,136.0,0,-1,0,0.8,0.844364937388,0.0,0.0,0.0,0.0,1,0,0,1,0,0.0,0.0,9.0,0.1,1037.0,109.0,-0.4,-0.330079223102,0.0,0.0,0.0,0.0,0,0,0,0,0,sogou
0.166666666667,0.166666666667,0.0,0,0.25,0.25,0.0,0,-0.0833333333333,-0.0833333333333,0.0,0,18,2,1.0,5.0,343.0,1.0,5.0,343.0,1.0,1.0,1.0,1.0,3.0,0.126582804932,2,0,0,0,0,1.0,5.0,349.0,1.0,5.0,349.0,1.0,1.0,0.333333333333,0.659735349716,1.0,0.0679291974566,3,1,0,0,0,0.0,0.0,-6.0,0.0,0.0,-6.0,0.0,0.0,0.666666666667,0.340264650284,2.0,0.0586536074753,-1,-1,0,0,0,baidu
0.333333333333,0.333333333333,0.25,1,0.5,0.5,0.25,1,-0.166666666667,-0.166666666667,0.0,0,15,3,1.0,5.0,169.0,1.0,5.0,169.0,0.75,0.82254697286,0.5,0.603340292276,2.0,0.10846248768,3,1,0,0,0,1.0,5.0,75.0,0.5,92.0,128.0,1.0,1.0,0.5,0.61554192229,2.0,0.103878044246,3,1,0,0,0,0.0,0.0,94.0,0.5,-87.0,41.0,-0.25,-0.17745302714,0.0,-0.0122016300148,0.0,0.00458444343343,0,0,0,0,0,baidu
0.0,0,0.0,0,0.0,0,0.0,0,0.0,0,0.0,0,27,5,1.0,5.0,148.0,0.5,167.0,104.0,0.8,0.846570397112,0.4,0.384476534296,2.0,0.060895414223,2,0,0,0,0,1.0,5.0,90.0,0,-1,0,0.8,0.850258175559,0.0,0.0,0.0,0.0,3,0,0,1,0,0.0,0.0,58.0,0.5,168.0,104.0,0.0,-0.00368777844747,0.4,0.384476534296,2.0,0.060895414223,-1,0,0,-1,0,sogou
0.125,0.125,0.0,0,0.333333333333,0.333333333333,0.333333333333,1,-0.208333333333,-0.208333333333,-0.333333333333,-1,21,3,1.0,5.0,109.0,1.0,5.0,109.0,1.0,1.0,1.0,1.0,3.0,0.136175613143,3,1,0,0,0,1.0,10.0,282.0,1.0,10.0,282.0,1.0,1.0,0.333333333333,0.44976076555,2.0,0.061765985211,2,0,0,0,0,0.0,-5.0,-173.0,0.0,-5.0,-173.0,0.0,0.0,0.666666666667,0.55023923445,1.0,0.0744096279325,1,1,0,0,0,baidu
0.2,0.2,0.0,0,0.5,0.5,0.25,1,-0.3,-0.3,-0.25,-1,15,5,1.0,5.0,322.0,1.0,5.0,322.0,1.0,1.0,0.666666666667,0.775179856115,2.0,0.0667440025675,2,0,0,1,0,1.0,5.0,159.0,0,-1,0,0.75,0.823886639676,0.0,0.0,0.0,0.0,1,0,0,0,0,0.0,0.0,163.0,1.0,6.0,322.0,0.25,0.176113360324,0.666666666667,0.775179856115,2.0,0.0667440025675,1,0,0,1,0,baidu
0.0,0,0.0,0,0.0,0,0.0,0,0.0,0,0.0,0,12,1,1.0,5.0,209.0,1.0,5.0,209.0,1.0,1.0,0.666666666667,0.691042047532,2.0,0.123760559456,2,1,0,0,0,1.0,5.0,244.0,0,-1,0,1.0,1.0,0.0,0.0,0.0,0.0,2,0,0,0,0,0.0,0.0,-35.0,1.0,6.0,209.0,0.0,0.0,0.666666666667,0.691042047532,2.0,0.123760559456,0,1,0,0,0,baidu
0.5,0.375,0.333333333333,1,0.5,0.333333333333,0.25,1,0.0,0.0416666666667,0.0833333333333,0,27,4,1.0,5.0,125.0,0.25,622.0,109.0,0.666666666667,0.852173913043,0.0,0.0,0.0,0.0,2,0,0,0,0,1.0,5.0,283.0,0.1,1217.0,228.0,0.25,0.520220588235,0.0,0.0,0.0,0.0,1,0,0,0,0,0.0,0.0,-158.0,0.15,-595.0,-119.0,0.416666666667,0.331953324808,0.0,0.0,0.0,0.0,1,0,0,0,0,baidu
0.5,0.416666666667,0.666666666667,1,0.25,0.225,0.0,0,0.25,0.191666666667,0.666666666667,1,21,3,1.0,5.0,346.0,1.0,5.0,346.0,0.666666666667,0.842592592593,0.666666666667,0.842592592593,2.0,0.0982927165083,2,0,0,0,0,1.0,38.0,189.0,1.0,38.0,189.0,1.0,1.0,0.666666666667,0.739602169982,2.0,0.100029590663,2,0,0,0,0,0.0,-33.0,157.0,0.0,-33.0,157.0,-0.333333333333,-0.157407407407,0.0,0.102990422611,0.0,-0.00173687415417,0,0,0,0,0,baidu
0.142857142857,0.142857142857,0.0,0,0.333333333333,0.333333333333,0.2,1,-0.190476190476,-0.190476190476,-0.2,-1,12,2,1.0,367.0,150.0,1.0,367.0,150.0,1.0,1.0,0.5,0.63829787234,1.0,0.115803211263,2,1,0,0,0,1.0,5.0,135.0,0,-1,0,0.4,0.482832618026,0.0,0.0,0.0,0.0,2,0,0,0,0,0.0,362.0,15.0,1.0,368.0,150.0,0.6,0.517167381974,0.5,0.63829787234,1.0,0.115803211263,0,1,0,0,0,baidu
0.2,0.2,0.0,0,0.25,0.25,0.25,1,-0.05,-0.05,-0.25,-1,30,5,1.0,5.0,210.0,1.0,5.0,210.0,1.0,1.0,1.0,1.0,7.0,0.245893109587,2,0,0,0,0,1.0,5.0,206.0,1.0,5.0,206.0,1.0,1.0,0.75,0.878246753247,7.0,0.231900826446,2,0,0,0,0,0.0,0.0,4.0,0.0,0.0,4.0,0.0,0.0,0.25,0.121753246753,0.0,0.0139922831406,0,0,0,0,0,sogou
1.0,1.0,0.25,1,1.0,1.0,0.2,1,0.0,0.0,0.05,0,20,4,1.0,5.0,243.0,1.0,5.0,243.0,0.75,0.857859531773,0.25,0.40635451505,4.0,0.138404346583,2,0,0,1,1,1.0,5.0,90.0,0,-1,0,0.8,0.838589981447,0.0,0.0,0.0,0.0,2,0,0,1,1,0.0,0.0,153.0,1.0,6.0,243.0,-0.05,0.0192695503255,0.25,0.40635451505,4.0,0.138404346583,0,0,0,0,0,sogou
1.0,1.0,0.25,1,0.333333333333,0.333333333333,0.25,1,0.666666666667,0.666666666667,0.0,0,15,2,1.0,5.0,145.0,0.2,549.0,229.0,0.5,0.651639344262,0.0,0.0,0.0,0.0,2,0,0,0,0,1.0,5.0,161.0,0.111111111111,1123.0,118.0,1.0,1.0,0.0,0.0,0.0,0.0,3,0,0,1,0,0.0,0.0,-16.0,0.0888888888889,-574.0,111.0,-0.5,-0.348360655738,0.0,0.0,0.0,0.0,-1,0,0,-1,0,sogou
1.0,0.520833333333,0.8,1,1.0,0.389583333333,0.4,1,0.0,0.13125,0.4,0,36,6,1.0,5.0,188.0,0,-1,0,0.4,0.517045454545,0.0,0.0,0.0,0.0,1,0,0,0,0,0.5,105.0,112.0,0.142857142857,725.0,184.0,0.6,0.643442622951,0.0,0.0,0.0,0.0,3,0,0,0,0,0.5,-100.0,76.0,-0.142857142857,-726.0,-184.0,-0.2,-0.126397168405,0.0,0.0,0.0,0.0,-2,0,0,0,0,baidu
0.5,0.35,0.25,1,0.2,0.1625,0.2,1,0.3,0.1875,0.05,0,24,3,1.0,5.0,210.0,1.0,5.0,210.0,1.0,1.0,1.0,1.0,7.0,0.251343507468,1,0,0,0,0,1.0,5.0,206.0,1.0,5.0,206.0,1.0,1.0,0.2,0.378676470588,4.0,0.150053475936,3,0,0,0,0,0.0,0.0,4.0,0.0,0.0,4.0,0.0,0.0,0.8,0.621323529412,3.0,0.101290031532,-2,0,0,0,0,baidu
1.0,0.541666666667,0.4,1,1.0,0.458333333333,0.4,1,0.0,0.0833333333333,0.0,0,18,3,0.25,302.0,149.0,0.25,302.0,149.0,0.2,0.304703476483,0.2,0.304703476483,1.0,0.0344949483431,1,0,0,1,0,0.5,105.0,90.0,0.2,367.0,140.0,0.4,0.509977827051,0.2,0.310421286031,1.0,0.0403305785124,2,0,0,0,0,-0.25,197.0,59.0,0.05,-65.0,9.0,-0.2,-0.205274350568,0.0,-0.00571780954842,0.0,-0.00583563016929,-1,0,0,1,0,sogou
0.125,0.118055555556,0.0,0,0.125,0.118055555556,0.0,0,0.0,0.0,0.0,0,9,2,1.0,5.0,343.0,1.0,5.0,343.0,1.0,1.0,0.666666666667,0.81239242685,2.0,0.0975500515071,3,1,0,0,0,1.0,10.0,282.0,1.0,10.0,282.0,0.666666666667,0.676945668135,0.333333333333,0.4140969163,2.0,0.0568682418903,1,0,0,0,0,0.0,-5.0,61.0,0.0,-5.0,61.0,0.333333333333,0.323054331865,0.333333333333,0.398295510551,0.0,0.0406818096169,2,1,0,0,0,baidu
1.0,1.0,0.25,1,1.0,1.0,0.2,1,0.0,0.0,0.05,0,18,3,1.0,5.0,243.0,1.0,5.0,243.0,0.75,0.844322344322,0.75,0.844322344322,6.0,0.213373367648,2,0,0,0,1,1.0,5.0,90.0,0.166666666667,539.0,228.0,1.0,1.0,0.0,0.0,0.0,0.0,3,0,0,1,1,0.0,0.0,153.0,0.833333333333,-534.0,15.0,-0.25,-0.155677655678,0.75,0.844322344322,6.0,0.213373367648,-1,0,0,-1,0,baidu
0.333333333333,0.333333333333,0.333333333333,1,1.0,1.0,0.25,1,-0.666666666667,-0.666666666667,0.0833333333333,0,27,5,1.0,5.0,189.0,1.0,5.0,189.0,0.666666666667,0.8,0.666666666667,0.8,5.0,0.184507090734,2,0,0,1,1,1.0,5.0,90.0,0,-1,0,1.0,1.0,0.0,0.0,0.0,0.0,2,0,0,1,1,0.0,0.0,99.0,1.0,6.0,189.0,-0.333333333333,-0.2,0.666666666667,0.8,5.0,0.184507090734,0,0,0,0,0,sogou
0.25,0.196428571429,0.25,1,0.25,0.180555555556,0.0,0,0.0,0.015873015873,0.25,1,12,1,1.0,5.0,129.0,1.0,5.0,129.0,1.0,1.0,0.75,0.81546572935,6.0,0.209491640588,3,1,0,0,0,1.0,10.0,282.0,1.0,10.0,282.0,1.0,1.0,0.666666666667,0.745954692557,7.0,0.0812827302148,2,0,0,0,0,0.0,-5.0,-153.0,0.0,-5.0,-153.0,0.0,0.0,0.0833333333333,0.0695110367931,-1.0,0.128208910373,1,1,0,0,0,sogou
0.0,0,0.0,0,0.0,0,0.0,0,0.0,0,0.0,0,12,2,1.0,5.0,131.0,0.2,545.0,169.0,0.75,0.824380165289,0.0,0.0,0.0,0.0,2,0,0,1,0,1.0,5.0,90.0,0.166666666667,612.0,140.0,0.8,0.840659340659,0.0,0.0,0.0,0.0,3,0,0,0,0,0.0,0.0,41.0,0.0333333333333,-67.0,29.0,-0.05,-0.0162791753701,0.0,0.0,0.0,0.0,-1,0,0,1,0,baidu
0.0,0,0.0,0,0.0,0,0.0,0,0.0,0,0.0,0,15,3,1.0,5.0,154.0,1.0,5.0,154.0,1.0,1.0,0.75,0.793307086614,5.0,0.201211837368,4,1,0,1,0,1.0,5.0,90.0,0.166666666667,807.0,92.0,1.0,1.0,0.0,0.0,0.0,0.0,3,0,0,1,1,0.0,0.0,64.0,0.833333333333,-802.0,62.0,0.0,0.0,0.75,0.793307086614,5.0,0.201211837368,1,1,0,0,-1,baidu
0.0,0,0.0,0,0.0,0,0.0,0,0.0,0,0.0,0,27,5,0.2,467.0,109.0,0.166666666667,590.0,109.0,0.2,0.211650485437,0.0,0.0,0.0,0.0,1,0,0,0,0,1.0,5.0,309.0,0,-1,0,1.0,1.0,0.0,0.0,0.0,0.0,1,0,0,1,0,-0.8,462.0,-200.0,0.166666666667,591.0,109.0,-0.8,-0.788349514563,0.0,0.0,0.0,0.0,0,0,0,-1,0,sogou
0.5,0.5,0.5,1,0.5,0.5,0.25,1,0.0,0.0,0.25,0,11,3,1.0,5.0,399.0,1.0,5.0,399.0,1.0,1.0,1.0,1.0,2.0,0.183074525071,2,0,0,0,0,1.0,5.0,222.0,1.0,5.0,222.0,1.0,1.0,0.5,0.660377358491,4.0,0.262861063465,3,0,0,0,0,0.0,0.0,177.0,0.0,0.0,177.0,0.0,0.0,0.5,0.339622641509,-2.0,-0.0797865383939,-1,0,0,0,0,baidu
0.5,0.289583333333,0.6,1,0.5,0.279166666667,0.333333333333,1,0.0,0.0104166666667,0.266666666667,0,24,4,1.0,5.0,188.0,0,-1,0,0.4,0.534545454545,0.0,0.0,0.0,0.0,2,0,0,0,0,1.0,5.0,278.0,1.0,5.0,278.0,0.666666666667,0.817610062893,0.333333333333,0.582809224319,5.0,0.0135277301315,2,0,0,1,0,0.0,0.0,-90.0,-1.0,-6.0,-278.0,-0.266666666667,-0.283064608348,-0.333333333333,-0.582809224319,-5.0,-0.0135277301315,0,0,0,-1,0,sogou
0.0,0,0.0,0,0.0,0,0.0,0,0.0,0,0.0,0,21,3,1.0,5.0,109.0,0.333333333333,410.0,169.0,1.0,1.0,0.333333333333,0.309523809524,1.0,0.0576684777428,2,1,0,0,0,1.0,5.0,133.0,0.2,610.0,140.0,0.75,0.843525179856,0.0,0.0,0.0,0.0,3,0,0,1,0,0.0,0.0,-24.0,0.133333333333,-200.0,29.0,0.25,0.156474820144,0.333333333333,0.309523809524,1.0,0.0576684777428,-1,1,0,-1,0,baidu
0.333333333333,0.291666666667,0.333333333333,1,0.166666666667,0.154761904762,0.0,0,0.166666666667,0.136904761905,0.333333333333,1,18,4,1.0,5.0,251.0,0.5,270.0,250.0,1.0,1.0,0.333333333333,0.410509031199,2.0,0.0343362572564,3,0,0,1,0,1.0,5.0,90.0,0.2,591.0,228.0,1.0,1.0,0.0,0.0,0.0,0.0,3,0,0,1,1,0.0,0.0,161.0,0.3,-321.0,22.0,0.0,0.0,0.333333333333,0.410509031199,2.0,0.0343362572564,0,0,0,0,-1,sogou
0.125,0.125,0.0,0,0.125,0.125,0.0,0,0.0,0.0,0.0,0,27,5,1.0,5.0,154.0,1.0,5.0,154.0,1.0,1.0,0.75,0.804469273743,5.0,0.20093040643,3,0,0,1,0,1.0,5.0,315.0,1.0,5.0,315.0,1.0,1.0,0.666666666667,0.827915869981,8.0,0.436029897445,2,0,0,0,0,0.0,0.0,-161.0,0.0,0.0,-161.0,0.0,0.0,0.0833333333333,-0.0234465962379,-3.0,-0.235099491015,1,0,0,1,0,sogou
0.333333333333,0.333333333333,0.0,0,0.142857142857,0.142857142857,0.0,0,0.190476190476,0.190476190476,0.0,0,25,4,1.0,5.0,435.0,1.0,5.0,435.0,1.0,1.0,0.5,0.799632352941,4.0,0.179429532036,2,1,0,0,0,1.0,5.0,92.0,0.25,364.0,206.0,1.0,1.0,0.25,0.393881453155,4.0,0.156078567704,2,0,0,0,0,0.0,0.0,343.0,0.75,-359.0,229.0,0.0,0.0,0.25,0.405750899786,0.0,0.0233509643321,0,1,0,0,0,baidu
0.5,0.5,0.2,1,0.2,0.2,0.2,1,0.3,0.3,0.0,0,21,4,1.0,5.0,153.0,1.0,5.0,153.0,1.0,1.0,1.0,1.0,7.0,0.228438346135,2,0,0,0,0,1.0,5.0,112.0,0.166666666667,559.0,228.0,1.0,1.0,0.0,0.0,0.0,0.0,2,0,0,1,0,0.0,0.0,41.0,0.833333333333,-554.0,-75.0,0.0,0.0,1.0,1.0,7.0,0.228438346135,0,0,0,-1,0,sogou
0.25,0.25,0.0,0,0.333333333333,0.333333333333,0.0,0,-0.0833333333333,-0.0833333333333,0.0,0,17,2,1.0,5.0,228.0,1.0,5.0,228.0,1.0,1.0,1.0,1.0,6.0,0.204233216275,3,0,0,1,0,1.0,5.0,516.0,1.0,5.0,516.0,1.0,1.0,0.5,0.851485148515,4.0,0.196627662766,2,0,0,0,0,0.0,0.0,-288.0,0.0,0.0,-288.0,0.0,0.0,0.5,0.148514851485,2.0,0.00760555350832,1,0,0,1,0,sogou
1.0,0.455555555556,0.4,1,0.333333333333,0.203703703704,0.2,1,0.666666666667,0.251851851852,0.2,0,15,2,1.0,5.0,105.0,0.5,124.0,109.0,0.8,0.835589941973,0.6,0.63249516441,3.0,0.0978802499407,2,0,0,1,0,1.0,5.0,112.0,0,-1,0,0.8,0.830409356725,0.0,0.0,0.0,0.0,2,0,0,1,0,0.0,0.0,-7.0,0.5,125.0,109.0,0.0,0.00518058524777,0.6,0.63249516441,3.0,0.0978802499407,0,0,0,0,0,baidu
0.166666666667,0.145833333333,0.0,0,0.333333333333,0.229166666667,0.333333333333,1,-0.166666666667,-0.0833333333333,-0.333333333333,-1,12,2,1.0,5.0,109.0,1.0,5.0,109.0,1.0,1.0,1.0,1.0,5.0,0.23050924174,4,1,0,0,0,0.5,105.0,345.0,0.5,105.0,345.0,0.333333333333,0.664739884393,0.333333333333,0.664739884393,4.0,0.229588369242,1,0,0,0,0,0.5,-100.0,-236.0,0.5,-100.0,-236.0,0.666666666667,0.335260115607,0.666666666667,0.335260115607,1.0,0.000920872498021,3,1,0,0,0,sogou
0.0,0,0.0,0,0.0,0,0.0,0,0.0,0,0.0,0,15,2,1.0,5.0,104.0,1.0,5.0,104.0,0.8,0.858569051581,0.6,0.668885191348,3.0,0.114511749315,4,1,0,0,0,0.333333333333,205.0,118.0,0.2,465.0,228.0,0.6,0.727272727273,0.2,0.35736677116,1.0,0.0285095468795,2,0,0,0,0,0.666666666667,-200.0,-14.0,0.8,-460.0,-124.0,0.2,0.131296324308,0.4,0.311518420188,2.0,0.0860022024355,2,1,0,0,0,baidu
0.166666666667,0.166666666667,0.0,0,0.125,0.125,0.0,0,0.0416666666667,0.0416666666667,0.0,0,15,3,1.0,5.0,415.0,1.0,5.0,415.0,1.0,1.0,0.5,0.741071428571,5.0,0.210850371747,2,0,0,1,0,1.0,5.0,417.0,0,-1,0,1.0,1.0,0.0,0.0,0.0,0.0,2,1,0,0,0,0.0,0.0,-2.0,1.0,6.0,415.0,0.0,0.0,0.5,0.741071428571,5.0,0.210850371747,0,-1,0,1,0,baidu
1.0,1.0,0.166666666667,1,0.5,0.5,0.2,1,0.5,0.5,-0.0333333333333,0,21,3,0.5,104.0,85.0,0.2,401.0,120.0,0.5,0.532110091743,0.166666666667,0.220183486239,1.0,0.0375532894512,2,0,0,0,0,1.0,5.0,156.0,0,-1,0,0.8,0.849740932642,0.0,0.0,0.0,0.0,2,0,0,0,0,-0.5,99.0,-71.0,0.2,402.0,120.0,-0.3,-0.317630840899,0.166666666667,0.220183486239,1.0,0.0375532894512,0,0,0,0,0,baidu
0.0,0,0.0,0,0.0,0,0.0,0,0.0,0,0.0,0,30,4,1.0,5.0,125.0,0.5,144.0,109.0,1.0,1.0,0.8,0.777183600713,4.0,0.12027115679,2,0,0,1,0,1.0,5.0,112.0,0.142857142857,683.0,228.0,1.0,1.0,0.0,0.0,0.0,0.0,2,0,0,1,0,0.0,0.0,13.0,0.357142857143,-539.0,-119.0,0.0,0.0,0.8,0.777183600713,4.0,0.12027115679,0,0,0,0,0,sogou
0.333333333333,0.219444444444,0.25,1,1.0,0.453703703704,0.333333333333,1,-0.666666666667,-0.234259259259,-0.0833333333333,0,24,4,1.0,5.0,230.0,1.0,5.0,230.0,0.75,0.838951310861,0.75,0.838951310861,6.0,0.216483577684,2,0,0,0,0,0.333333333333,205.0,90.0,0,-1,0,0.5,0.547660311958,0.0,0.0,0.0,0.0,3,0,0,1,0,0.666666666667,-200.0,140.0,1.0,6.0,230.0,0.25,0.291290998903,0.75,0.838951310861,6.0,0.216483577684,-1,0,0,-1,0,baidu
0.5,0.5,0.166666666667,1,0.125,0.125,0.0,0,0.375,0.375,0.166666666667,1,36,6,0.1,896.0,85.0,0,-1,0,0.0,0.0,0.0,0.0,0.0,0.0,0,0,0,0,0,1.0,5.0,90.0,0,-1,0,0.833333333333,0.844364937388,0.0,0.0,0.0,0.0,2,0,0,0,0,-0.9,891.0,-5.0,0,0,0,-0.833333333333,-0.844364937388,0.0,0.0,0.0,0.0,-2,0,0,0,0,sogou
0.333333333333,0.291666666667,0.4,1,0.2,0.1625,0.0,0,0.133333333333,0.129166666667,0.4,1,25,5,1.0,5.0,111.0,1.0,5.0,111.0,0.8,0.848484848485,0.6,0.590017825312,3.0,0.0902033675924,2,0,0,1,0,1.0,24.0,121.0,0.142857142857,874.0,140.0,1.0,1.0,0.0,0.0,0.0,0.0,3,0,0,1,1,0.0,-19.0,-10.0,0.857142857143,-869.0,-29.0,-0.2,-0.151515151515,0.6,0.590017825312,3.0,0.0902033675924,-1,0,0,0,-1,sogou
0.5,0.5,0.2,1,1.0,1.0,0.2,1,-0.5,-0.5,0.0,0,18,3,1.0,5.0,168.0,0.333333333333,309.0,109.0,0.8,0.853195164076,0.4,0.376511226252,2.0,0.0582660785485,2,0,0,0,0,1.0,5.0,178.0,0.166666666667,673.0,228.0,0.8,0.856672158155,0.0,0.0,0.0,0.0,3,0,0,0,1,0.0,0.0,-10.0,0.166666666667,-364.0,-119.0,0.0,-0.00347699407887,0.4,0.376511226252,2.0,0.0582660785485,-1,0,0,0,-1,sogou
0.0,0,0.0,0,0.0,0,0.0,0,0.0,0,0.0,0,9,1,1.0,5.0,110.0,0.5,129.0,129.0,1.0,1.0,0.4,0.411764705882,2.0,0.0645926859701,4,1,0,1,0,1.0,5.0,113.0,0.166666666667,768.0,112.0,0.75,0.838888888889,0.0,0.0,0.0,0.0,3,1,0,0,1,0.0,0.0,-3.0,0.333333333333,-639.0,17.0,0.25,0.161111111111,0.4,0.411764705882,2.0,0.0645926859701,1,0,0,1,-1,sogou
0.0,0,0.0,0,0.0,0,0.0,0,0.0,0,0.0,0,20,4,1.0,5.0,122.0,1.0,5.0,122.0,0.4,0.475308641975,0.4,0.475308641975,2.0,0.0661763581012,2,0,0,0,0,1.0,5.0,153.0,1.0,5.0,153.0,0.8,0.838289962825,0.2,0.2843866171,1.0,0.05062521122,3,0,0,0,0,0.0,0.0,-31.0,0.0,0.0,-31.0,-0.4,-0.36298132085,0.2,0.190922024875,1.0,0.0155511468812,-1,0,0,0,0,baidu
0.0,0,0.0,0,0.0,0,0.0,0,0.0,0,0.0,0,17,5,1.0,5.0,212.0,1.0,5.0,212.0,1.0,1.0,0.75,0.753401360544,3.0,0.125075866778,3,0,0,1,0,1.0,38.0,92.0,0.333333333333,248.0,228.0,0.75,0.846560846561,0.25,0.402116402116,1.0,0.0320795254129,3,0,0,1,0,0.0,-33.0,120.0,0.666666666667,-243.0,-16.0,0.25,0.153439153439,0.5,0.351284958428,2.0,0.0929963413651,0,0,0,0,0,sogou
0.5,0.5,0.2,1,0.166666666667,0.166666666667,0.0,0,0.333333333333,0.333333333333,0.2,1,27,4,0.25,302.0,125.0,0,-1,0,0.2,0.256673511294,0.0,0.0,0.0,0.0,1,0,0,1,0,1.0,5.0,156.0,0.25,373.0,228.0,0.5,0.688172043011,0.25,0.408602150538,1.0,0.0325969371131,2,0,0,0,0,-0.75,297.0,-31.0,-0.25,-374.0,-228.0,-0.3,-0.431498531717,-0.25,-0.408602150538,-1.0,-0.0325969371131,-1,0,0,1,0,sogou
0.0,0,0.0,0,0.0,0,0.0,0,0.0,0,0.0,0,25,6,1.0,5.0,109.0,1.0,5.0,109.0,1.0,1.0,0.2,0.18505942275,1.0,0.0286384206108,2,0,0,1,0,1.0,5.0,363.0,1.0,5.0,363.0,1.0,1.0,0.333333333333,0.565420560748,7.0,0.168450863778,2,0,0,0,0,0.0,0.0,-254.0,0.0,0.0,-254.0,0.0,0.0,-0.133333333333,-0.380361137997,-6.0,-0.139812443167,0,0,0,1,0,sogou
0.125,0.125,0.0,0,0.25,0.25,0.0,0,-0.125,-0.125,0.0,0,9,1,1.0,5.0,129.0,1.0,5.0,129.0,1.0,1.0,0.666666666667,0.455938697318,2.0,0.0715221695224,3,1,0,0,0,1.0,5.0,145.0,1.0,5.0,145.0,1.0,1.0,0.666666666667,0.541338582677,2.0,0.0440515390122,2,0,0,1,0,0.0,0.0,-16.0,0.0,0.0,-16.0,0.0,0.0,0.0,-0.0853998853592,0.0,0.0274706305103,1,1,0,-1,0,baidu
0.5,0.35,0.25,1,0.2,0.183333333333,0.0,0,0.3,0.166666666667,0.25,1,12,3,1.0,5.0,169.0,1.0,5.0,169.0,0.75,0.820675105485,0.75,0.820675105485,3.0,0.11261822973,3,1,0,0,0,1.0,13.0,180.0,1.0,13.0,180.0,1.0,1.0,1.0,1.0,12.0,0.374708249104,3,1,0,0,0,0.0,-8.0,-11.0,0.0,-8.0,-11.0,-0.25,-0.179324894515,-0.25,-0.179324894515,-9.0,-0.262090019374,0,0,0,0,0,baidu
0.166666666667,0.166666666667,0.166666666667,1,0.25,0.25,0.2,1,-0.0833333333333,-0.0833333333333,-0.0333333333333,0,27,5,1.0,5.0,108.0,0,-1,0,0.166666666667,0.202626641651,0.0,0.0,0.0,0.0,1,0,0,0,0,1.0,5.0,178.0,0,-1,0,0.6,0.685920577617,0.0,0.0,0.0,0.0,2,0,0,1,0,0.0,0.0,-70.0,0,0,0,-0.433333333333,-0.483293935966,0.0,0.0,0.0,0.0,-1,0,0,-1,0,baidu
1.0,0.447619047619,0.4,1,1.0,0.541666666667,0.4,1,0.0,-0.0940476190476,0.0,0,30,5,0.5,104.0,109.0,0.5,104.0,109.0,0.8,0.836223506744,0.4,0.420038535645,2.0,0.0650020413864,2,0,0,0,0,1.0,5.0,156.0,0.142857142857,729.0,228.0,1.0,1.0,0.0,0.0,0.0,0.0,3,0,0,1,0,-0.5,99.0,-47.0,0.357142857143,-625.0,-119.0,-0.2,-0.163776493256,0.4,0.420038535645,2.0,0.0650020413864,-1,0,0,-1,0,sogou
0.25,0.25,0.0,0,0.333333333333,0.333333333333,0.25,1,-0.0833333333333,-0.0833333333333,-0.25,-1,24,2,1.0,5.0,433.0,1.0,5.0,433.0,1.0,1.0,0.5,0.67868338558,1.0,0.0426547878477,2,0,0,1,0,1.0,5.0,112.0,0.5,129.0,206.0,1.0,1.0,0.25,0.358885017422,4.0,0.142210959772,2,0,0,1,0,0.0,0.0,321.0,0.5,-124.0,227.0,0.0,0.0,0.25,0.319798368158,-3.0,-0.0995561719242,0,0,0,0,0,baidu
0.125,0.125,0.0,0,0.125,0.125,0.0,0,0.0,0.0,0.0,0,18,3,1.0,5.0,125.0,0.5,144.0,129.0,1.0,1.0,0.5,0.627976190476,2.0,0.169435408922,3,1,1,0,0,0.5,125.0,297.0,0.5,125.0,297.0,0.666666666667,0.853424657534,0.666666666667,0.853424657534,2.0,0.166276463263,2,0,1,0,0,0.5,-120.0,-172.0,0.0,19.0,-168.0,0.333333333333,0.146575342466,-0.166666666667,-0.225448467058,0.0,0.00315894565917,1,1,0,0,0,baidu
0.5,0.5,0.25,1,0.333333333333,0.333333333333,0.333333333333,1,0.166666666667,0.166666666667,-0.0833333333333,0,19,3,1.0,5.0,109.0,0.5,128.0,109.0,1.0,1.0,0.75,0.780241935484,3.0,0.131498081305,2,1,0,0,0,1.0,10.0,122.0,0,-1,0,1.0,1.0,0.0,0.0,0.0,0.0,3,1,0,0,1,0.0,-5.0,-13.0,0.5,129.0,109.0,0.0,0.0,0.75,0.780241935484,3.0,0.131498081305,-1,0,0,0,-1,sogou
0.0,0,0.0,0,0.0,0,0.0,0,0.0,0,0.0,0,30,5,1.0,5.0,110.0,1.0,5.0,110.0,1.0,1.0,1.0,1.0,5.0,0.155368660265,2,0,0,0,0,1.0,5.0,118.0,0,-1,0,0.4,0.51214953271,0.0,0.0,0.0,0.0,2,0,0,1,0,0.0,0.0,-8.0,1.0,6.0,110.0,0.6,0.48785046729,1.0,1.0,5.0,0.155368660265,0,0,0,-1,0,baidu
0.0,0,0.0,0,0.0,0,0.0,0,0.0,0,0.0,0,30,6,0.333333333333,225.0,109.0,0.333333333333,225.0,109.0,0.4,0.423892100193,0.4,0.423892100193,2.0,0.0650020413864,1,0,0,0,0,1.0,5.0,92.0,0,-1,0,0.5,0.52972972973,0.0,0.0,0.0,0.0,2,0,0,1,0,-0.666666666667,220.0,17.0,0.333333333333,226.0,109.0,-0.1,-0.105837629537,0.4,0.423892100193,2.0,0.0650020413864,-1,0,0,-1,0,baidu
0.2,0.171428571429,0.0,0,1.0,0.555555555556,0.2,1,-0.8,-0.384126984127,-0.2,-1,24,6,1.0,5.0,192.0,1.0,5.0,192.0,1.0,1.0,0.75,0.764595103578,6.0,0.232678050112,3,0,0,1,0,1.0,5.0,178.0,0,-1,0,0.6,0.685920577617,0.0,0.0,0.0,0.0,3,0,0,1,0,0.0,0.0,14.0,1.0,6.0,192.0,0.4,0.314079422383,0.75,0.764595103578,6.0,0.232678050112,0,0,0,0,0,baidu
0.25,0.25,0.0,0,0.166666666667,0.166666666667,0.0,0,0.0833333333333,0.0833333333333,0.0,0,9,2,1.0,5.0,169.0,1.0,5.0,169.0,1.0,1.0,1.0,1.0,7.0,0.292878489686,3,1,0,0,0,1.0,13.0,180.0,1.0,13.0,180.0,1.0,1.0,1.0,1.0,10.0,0.466045593748,2,1,0,0,0,0.0,-8.0,-11.0,0.0,-8.0,-11.0,0.0,0.0,0.0,0.0,-3.0,-0.173167104063,1,0,0,0,0,sogou
0.2,0.2,0.2,1,0.5,0.5,0.2,1,-0.3,-0.3,0.0,0,15,2,1.0,5.0,169.0,1.0,5.0,169.0,0.8,0.852430555556,0.8,0.852430555556,4.0,0.142519232755,2,1,0,0,0,1.0,5.0,90.0,0.166666666667,585.0,228.0,1.0,1.0,0.0,0.0,0.0,0.0,2,0,0,1,0,0.0,0.0,79.0,0.833333333333,-580.0,-59.0,-0.2,-0.147569444444,0.8,0.852430555556,4.0,0.142519232755,0,1,0,-1,0,baidu
0.25,0.25,0.25,1,0.333333333333,0.333333333333,0.25,1,-0.0833333333333,-0.0833333333333,0.0,0,18,2,1.0,5.0,185.0,0.5,204.0,111.0,0.75,0.788954635108,0.5,0.424063116371,2.0,0.0665405512417,2,0,0,1,0,1.0,5.0,178.0,0.166666666667,713.0,206.0,0.75,0.843806104129,0.0,0.0,0.0,0.0,1,0,0,1,0,0.0,0.0,7.0,0.333333333333,-509.0,-95.0,0.0,-0.0548514690208,0.5,0.424063116371,2.0,0.0665405512417,1,0,0,0,0,sogou
0.0,0,0.0,0,0.0,0,0.0,0,0.0,0,0.0,0,24,4,0.333333333333,203.0,111.0,0.333333333333,203.0,111.0,0.6,0.664031620553,0.4,0.45652173913,2.0,0.0737837401002,3,0,0,1,0,1.0,5.0,158.0,0,-1,0,0.8,0.838589981447,0.0,0.0,0.0,0.0,2,0,0,1,0,-0.666666666667,198.0,-47.0,0.333333333333,204.0,111.0,-0.2,-0.174558360894,0.4,0.45652173913,2.0,0.0737837401002,1,0,0,0,0,baidu
0.25,0.208333333333,0.25,1,1.0,0.75,0.5,1,-0.75,-0.541666666667,-0.25,0,12,2,1.0,5.0,104.0,1.0,5.0,104.0,0.75,0.818763326226,0.5,0.54157782516,2.0,0.0939910114853,2,1,0,0,0,1.0,5.0,132.0,1.0,5.0,132.0,1.0,1.0,0.5,0.432786885246,3.0,0.0935827123696,3,1,0,1,0,0.0,0.0,-28.0,0.0,0.0,-28.0,-0.25,-0.181236673774,0.0,0.108790939914,-1.0,0.000408299115727,-1,0,0,-1,0,baidu
0.2,0.2,0.2,1,0.5,0.5,0.25,1,-0.3,-0.3,-0.05,0,24,4,1.0,5.0,165.0,0.1,1016.0,109.0,0.4,0.532110091743,0.0,0.0,0.0,0.0,2,0,0,1,0,1.0,5.0,178.0,0.2,567.0,140.0,0.75,0.830409356725,0.0,0.0,0.0,0.0,3,0,0,1,0,0.0,0.0,-13.0,-0.1,449.0,-31.0,-0.35,-0.298299264982,0.0,0.0,0.0,0.0,-1,0,0,0,0,baidu
1.0,0.625,0.5,1,1.0,0.625,0.5,1,0.0,0.0,0.0,0,27,3,1.0,5.0,105.0,0.333333333333,323.0,109.0,1.0,1.0,0.5,0.429133858268,2.0,0.0664095659046,3,0,0,1,0,1.0,5.0,178.0,0.333333333333,297.0,228.0,1.0,1.0,0.25,0.389078498294,1.0,0.0310394042817,2,0,0,0,0,0.0,0.0,-73.0,0.0,26.0,-119.0,0.0,0.0,0.25,0.0400553599742,1.0,0.0353701616229,1,0,0,1,0,sogou
0.25,0.25,0.0,0,1.0,1.0,0.2,1,-0.75,-0.75,-0.2,-1,30,6,1.0,5.0,611.0,1.0,5.0,611.0,1.0,1.0,1.0,1.0,12.0,0.534476359676,1,0,0,0,0,1.0,5.0,112.0,0.142857142857,659.0,118.0,0.8,0.822810590631,0.0,0.0,0.0,0.0,3,0,0,1,0,0.0,0.0,499.0,0.857142857143,-654.0,493.0,0.2,0.177189409369,1.0,1.0,12.0,0.534476359676,-2,0,0,-1,0,baidu
0.0,0,0.0,0,0.0,0,0.0,0,0.0,0,0.0,0,42,5,1.0,5.0,108.0,0.111111111111,820.0,109.0,0.166666666667,0.202626641651,0.0,0.0,0.0,0.0,1,0,0,0,0,1.0,5.0,178.0,0.5,195.0,91.0,0.75,0.85102739726,0.5,0.546232876712,3.0,0.0812608966376,3,0,0,0,0,0.0,0.0,-70.0,-0.388888888889,625.0,18.0,-0.583333333333,-0.648400755609,-0.5,-0.546232876712,-3.0,-0.0812608966376,-2,0,0,0,0,sogou
0.1,0.1,0.0,0,1.0,1.0,0.2,1,-0.9,-0.9,-0.2,-1,9,1,1.0,5.0,169.0,1.0,5.0,169.0,0.75,0.846292947559,0.5,0.584086799277,4.0,0.171286057127,3,1,0,0,0,1.0,5.0,47.0,0.5,65.0,206.0,1.0,1.0,0.2,0.405511811024,4.0,0.160687186829,3,0,0,0,0,0.0,0.0,122.0,0.5,-60.0,-37.0,-0.25,-0.153707052441,0.3,0.178574988253,0.0,0.0105988702978,0,1,0,0,0,baidu
0.5,0.5,0.2,1,0.333333333333,0.333333333333,0.25,1,0.166666666667,0.166666666667,-0.05,0,24,4,1.0,5.0,109.0,1.0,5.0,109.0,0.8,0.838403041825,0.6,0.621673003802,3.0,0.0962054928124,2,0,0,0,0,1.0,5.0,90.0,0,-1,0,0.75,0.829745596869,0.0,0.0,0.0,0.0,2,0,0,0,0,0.0,0.0,19.0,1.0,6.0,109.0,0.05,0.00865744495621,0.6,0.621673003802,3.0,0.0962054928124,0,0,0,0,0,sogou
0.5,0.416666666667,0.4,1,0.5,0.3125,0.166666666667,1,0.0,0.104166666667,0.233333333333,0,28,4,1.0,5.0,125.0,0.5,144.0,120.0,1.0,1.0,0.2,0.213523131673,1.0,0.0364173358557,2,0,0,1,0,0.5,105.0,118.0,0,-1,0,0.666666666667,0.705084745763,0.0,0.0,0.0,0.0,3,0,0,0,0,0.5,-100.0,7.0,0.5,145.0,120.0,0.333333333333,0.294915254237,0.2,0.213523131673,1.0,0.0364173358557,-1,0,0,1,0,baidu
1.0,0.571428571429,0.2,1,0.5,0.3,0.2,1,0.5,0.271428571429,0.0,0,27,5,0.5,104.0,154.0,0.5,104.0,154.0,0.4,0.483805668016,0.2,0.311740890688,6.0,0.212945682766,2,0,0,0,0,1.0,5.0,112.0,0,-1,0,0.8,0.822810590631,0.0,0.0,0.0,0.0,2,0,0,1,0,-0.5,99.0,42.0,0.5,105.0,154.0,-0.4,-0.339004922615,0.2,0.311740890688,6.0,0.212945682766,0,0,0,-1,0,baidu
0.2,0.159259259259,0.0,0,1.0,0.492063492063,0.4,1,-0.8,-0.332804232804,-0.4,-1,9,1,1.0,5.0,149.0,1.0,5.0,149.0,0.75,0.856418918919,0.75,0.856418918919,4.0,0.143599919622,3,1,0,1,0,0.25,285.0,200.0,0.166666666667,622.0,228.0,0.4,0.564981949458,0.0,0.0,0.0,0.0,2,1,0,0,0,0.75,-280.0,-51.0,0.833333333333,-617.0,-79.0,0.35,0.29143696946,0.75,0.856418918919,4.0,0.143599919622,1,0,0,1,0,baidu
0.0,0,0.0,0,0.0,0,0.0,0,0.0,0,0.0,0,27,6,1.0,5.0,673.0,0,-1,0,1.0,1.0,0.0,0.0,0.0,0.0,1,0,0,0,0,1.0,5.0,112.0,0,-1,0,0.8,0.850258175559,0.0,0.0,0.0,0.0,2,0,0,1,0,0.0,0.0,561.0,0,0,0,0.2,0.149741824441,0.0,0.0,0.0,0.0,-1,0,0,-1,0,sogou
1.0,0.611111111111,0.6,1,0.5,0.241666666667,0.25,1,0.5,0.369444444444,0.35,0,22,5,1.0,5.0,109.0,1.0,5.0,109.0,0.4,0.425531914894,0.4,0.425531914894,2.0,0.0652534999605,1,0,0,0,0,1.0,5.0,90.0,0.333333333333,209.0,173.0,1.0,1.0,0.25,0.252554744526,1.0,0.0443636363636,3,0,0,0,0,0.0,0.0,19.0,0.666666666667,-204.0,-64.0,-0.6,-0.574468085106,0.15,0.172977170368,1.0,0.0208898635968,-2,0,0,0,0,sogou
0.333333333333,0.291666666667,0.333333333333,1,0.166666666667,0.133333333333,0.0,0,0.166666666667,0.158333333333,0.333333333333,1,9,1,1.0,5.0,338.0,1.0,5.0,338.0,1.0,1.0,1.0,1.0,3.0,0.111723313861,3,1,0,0,0,0.5,85.0,325.0,0.5,85.0,325.0,0.666666666667,0.887583892617,0.666666666667,0.887583892617,5.0,0.176320927395,2,0,0,0,0,0.5,-80.0,13.0,0.5,-80.0,13.0,0.333333333333,0.112416107383,0.333333333333,0.112416107383,-2.0,-0.0645976135339,1,1,0,0,0,sogou
0.0,0,0.0,0,0.0,0,0.0,0,0.0,0,0.0,0,12,2,1.0,5.0,169.0,1.0,5.0,169.0,1.0,1.0,1.0,1.0,3.0,0.136175613143,3,1,0,0,0,1.0,10.0,282.0,1.0,10.0,282.0,1.0,1.0,0.333333333333,0.442006269592,2.0,0.0607010544315,3,0,0,0,0,0.0,-5.0,-113.0,0.0,-5.0,-113.0,0.0,0.0,0.666666666667,0.557993730408,1.0,0.075474558712,0,1,0,0,0,sogou
1.0,1.0,0.333333333333,1,1.0,1.0,0.2,1,0.0,0.0,0.133333333333,0,24,5,1.0,5.0,109.0,1.0,5.0,109.0,1.0,1.0,1.0,1.0,3.0,0.0856420015342,3,0,0,0,0,1.0,5.0,122.0,0.333333333333,239.0,118.0,0.8,0.83738317757,0.2,0.220560747664,1.0,0.0339983007647,3,0,0,0,0,0.0,0.0,-13.0,0.666666666667,-234.0,-9.0,0.2,0.16261682243,0.8,0.779439252336,2.0,0.0516437007695,0,0,0,0,0,baidu
0.0,0,0.0,0,0.0,0,0.0,0,0.0,0,0.0,0,15,3,1.0,5.0,169.0,1.0,5.0,169.0,1.0,1.0,1.0,1.0,4.0,0.135486182649,2,0,0,1,0,1.0,5.0,447.0,1.0,5.0,447.0,1.0,1.0,0.5,0.738842975207,4.0,0.196952667168,2,0,0,1,0,0.0,0.0,-278.0,0.0,0.0,-278.0,0.0,0.0,0.5,0.261157024793,0.0,-0.0614664845187,0,0,0,0,0,sogou
0.25,0.180555555556,0.0,0,0.25,0.205555555556,0.0,0,0.0,-0.025,0.0,0,12,2,1.0,5.0,169.0,1.0,5.0,169.0,1.0,1.0,0.666666666667,0.68809073724,2.0,0.127971693804,3,1,0,1,0,1.0,5.0,220.0,1.0,5.0,220.0,1.0,1.0,0.666666666667,0.716606498195,2.0,0.117866754184,1,0,0,0,0,0.0,0.0,-51.0,0.0,0.0,-51.0,0.0,0.0,0.0,-0.0285157609549,0.0,0.0101049396195,2,1,0,1,0,baidu
1.0,0.422222222222,0.333333333333,1,0.5,0.266666666667,0.25,1,0.5,0.155555555556,0.0833333333333,0,18,5,0.5,104.0,185.0,0,-1,0,0.666666666667,0.828282828283,0.0,0.0,0.0,0.0,2,0,0,1,0,1.0,5.0,310.0,0.166666666667,727.0,228.0,0.25,0.542907180385,0.0,0.0,0.0,0.0,1,0,0,0,0,-0.5,99.0,-125.0,-0.166666666667,-728.0,-228.0,0.416666666667,0.285375647898,0.0,0.0,0.0,0.0,1,0,0,1,0,sogou
0.333333333333,0.333333333333,0.2,1,0.2,0.2,0.0,0,0.133333333333,0.133333333333,0.2,1,30,4,1.0,5.0,122.0,1.0,5.0,122.0,0.8,0.840823970037,0.6,0.674157303371,3.0,0.100239477605,3,0,0,0,0,1.0,5.0,206.0,1.0,5.0,206.0,1.0,1.0,0.25,0.382189239332,4.0,0.151445437679,2,0,0,0,0,0.0,0.0,-84.0,0.0,0.0,-84.0,-0.2,-0.159176029963,0.35,0.291968064039,-1.0,-0.0512059600745,1,0,0,0,0,baidu
1.0,1.0,0.25,1,0.5,0.5,0.2,1,0.5,0.5,0.05,0,9,2,0.5,104.0,165.0,0.333333333333,283.0,109.0,0.75,0.82546201232,0.25,0.223819301848,1.0,0.0346366113753,3,0,0,1,0,0.25,305.0,180.0,0.142857142857,954.0,128.0,0.4,0.594090202177,0.0,0.0,0.0,0.0,1,0,0,1,0,0.25,-201.0,-15.0,0.190476190476,-671.0,-19.0,0.35,0.231371810143,0.25,0.223819301848,1.0,0.0346366113753,2,0,0,0,0,baidu
0.142857142857,0.142857142857,0.0,0,0.142857142857,0.142857142857,0.0,0,0.0,0.0,0.0,0,28,5,1.0,5.0,125.0,0.25,342.0,109.0,0.4,0.478527607362,0.2,0.222903885481,1.0,0.0344949483431,2,0,0,0,0,1.0,5.0,224.0,0,-1,0,0.5,0.658823529412,0.0,0.0,0.0,0.0,1,0,0,1,0,0.0,0.0,-99.0,0.25,343.0,109.0,-0.1,-0.18029592205,0.2,0.222903885481,1.0,0.0344949483431,1,0,0,-1,0,baidu
1.0,0.666666666667,0.333333333333,1,0.5,0.333333333333,0.25,1,0.5,0.333333333333,0.0833333333333,0,18,3,0.25,305.0,109.0,0.25,305.0,109.0,0.333333333333,0.38309352518,0.333333333333,0.38309352518,2.0,0.0606763659704,1,0,0,0,0,0.5,105.0,90.0,0.2,500.0,228.0,0.75,0.804932735426,0.0,0.0,0.0,0.0,2,0,0,0,0,-0.25,200.0,19.0,0.05,-195.0,-119.0,-0.416666666667,-0.421839210246,0.333333333333,0.38309352518,2.0,0.0606763659704,-1,0,0,0,0,sogou
0.25,0.25,0.2,1,0.333333333333,0.333333333333,0.25,1,-0.0833333333333,-0.0833333333333,-0.05,0,12,2,1.0,5.0,85.0,0.333333333333,227.0,109.0,1.0,1.0,0.2,0.210424710425,1.0,0.0325637639764,3,1,0,0,0,1.0,5.0,132.0,1.0,5.0,132.0,1.0,1.0,0.75,0.861932938856,4.0,0.172533620226,2,0,0,0,0,0.0,0.0,-47.0,-0.666666666667,222.0,-23.0,0.0,0.0,-0.55,-0.651508228431,-3.0,-0.13996985625,1,1,0,0,0,baidu
0.2,0.183333333333,0.2,1,0.2,0.183333333333,0.333333333333,1,0.0,0.0,-0.133333333333,0,18,3,1.0,5.0,89.0,0.1,1001.0,109.0,0.6,0.678638941399,0.0,0.0,0.0,0.0,2,1,0,1,0,1.0,5.0,90.0,0.111111111111,901.0,228.0,0.5,0.546086956522,0.0,0.0,0.0,0.0,3,1,0,1,0,0.0,0.0,-1.0,-0.0111111111111,100.0,-119.0,0.1,0.132551984877,0.0,0.0,0.0,0.0,-1,0,0,0,0,baidu
0.0,0,0.0,0,0.0,0,0.0,0,0.0,0,0.0,0,27,6,1.0,5.0,243.0,1.0,5.0,243.0,1.0,1.0,1.0,1.0,6.0,0.254449940142,3,0,0,0,1,1.0,5.0,216.0,1.0,5.0,216.0,1.0,1.0,0.5,0.55298013245,5.0,0.165261890427,3,0,0,1,1,0.0,0.0,27.0,0.0,0.0,27.0,0.0,0.0,0.5,0.44701986755,1.0,0.0891880497149,0,0,0,-1,0,sogou
0.0,0,0.0,0,0.0,0,0.0,0,0.0,0,0.0,0,21,4,1.0,5.0,134.0,1.0,5.0,134.0,1.0,1.0,1.0,1.0,4.0,0.157480197168,2,0,0,0,0,1.0,5.0,331.0,1.0,5.0,331.0,0.666666666667,0.844086021505,0.666666666667,0.844086021505,8.0,0.173111762789,1,0,0,0,0,0.0,0.0,-197.0,0.0,0.0,-197.0,0.333333333333,0.155913978495,0.333333333333,0.155913978495,-4.0,-0.015631565621,1,0,0,0,0,sogou
0.25,0.25,0.2,1,0.2,0.2,0.2,1,0.05,0.05,0.0,0,15,3,1.0,5.0,138.0,1.0,5.0,138.0,0.8,0.844606946984,0.6,0.652650822669,5.0,0.163592559619,3,0,0,1,0,1.0,5.0,90.0,0.1,1061.0,206.0,0.6,0.678966789668,0.0,0.0,0.0,0.0,3,0,0,1,1,0.0,0.0,48.0,0.9,-1056.0,-68.0,0.2,0.165640157316,0.6,0.652650822669,5.0,0.163592559619,0,0,0,0,-1,sogou
0.5,0.3,0.25,1,0.166666666667,0.133333333333,0.0,0,0.333333333333,0.166666666667,0.25,1,28,6,1.0,5.0,231.0,0.5,250.0,114.0,1.0,1.0,0.75,0.593309859155,3.0,0.0890917063721,3,0,0,1,0,1.0,5.0,231.0,1.0,5.0,231.0,1.0,1.0,0.75,0.844020797227,4.0,0.129522609107,3,0,0,0,0,0.0,0.0,0.0,-0.5,245.0,-117.0,0.0,0.0,0.0,-0.250710938072,-1.0,-0.0404309027346,0,0,0,1,0,sogou
0.1,0.1,0.0,0,0.25,0.25,0.0,0,-0.15,-0.15,0.0,0,9,1,1.0,5.0,169.0,1.0,5.0,169.0,1.0,1.0,1.0,1.0,7.0,0.234171291691,3,1,0,0,0,1.0,5.0,157.0,0.5,174.0,316.0,1.0,1.0,0.666666666667,0.762839879154,11.0,0.33158472947,2,0,0,0,0,0.0,0.0,12.0,0.5,-169.0,-147.0,0.0,0.0,0.333333333333,0.237160120846,-4.0,-0.0974134377793,1,1,0,0,0,baidu
0.333333333333,0.333333333333,0.0,0,0.142857142857,0.142857142857,0.0,0,0.190476190476,0.190476190476,0.0,0,16,3,1.0,5.0,414.0,1.0,5.0,414.0,1.0,1.0,1.0,1.0,6.0,0.200830622677,2,0,0,1,0,1.0,5.0,133.0,1.0,5.0,133.0,0.75,0.833652007648,0.5,0.608030592734,2.0,0.0439214322962,3,1,0,0,0,0.0,0.0,281.0,0.0,0.0,281.0,0.25,0.166347992352,0.5,0.391969407266,4.0,0.15690919038,-1,-1,0,1,0,baidu
0.5,0.333333333333,0.2,1,0.333333333333,0.291666666667,0.4,1,0.166666666667,0.0416666666667,-0.2,0,15,2,0.5,104.0,109.0,0.5,104.0,109.0,0.6,0.683426443203,0.6,0.683426443203,4.0,0.128605844115,2,0,0,0,0,1.0,5.0,90.0,0.333333333333,209.0,118.0,0.8,0.839186691312,0.2,0.218114602588,1.0,0.0336212401277,3,0,0,1,0,-0.5,99.0,19.0,0.166666666667,-105.0,-9.0,-0.2,-0.155760248109,0.4,0.465311840615,3.0,0.0949846039877,-1,0,0,-1,0,baidu
0.0,0,0.0,0,0.0,0,0.0,0,0.0,0,0.0,0,27,5,1.0,5.0,109.0,1.0,5.0,109.0,0.5,0.652351738241,0.5,0.652351738241,5.0,0.201910430968,2,0,0,0,0,0.5,105.0,90.0,0.333333333333,207.0,206.0,0.4,0.531418312388,0.2,0.369838420108,4.0,0.146551330178,2,0,0,0,0,0.5,-100.0,19.0,0.666666666667,-202.0,-97.0,0.1,0.120933425854,0.3,0.282513318134,1.0,0.0553591007904,0,0,0,0,0,baidu
1.0,0.666666666667,0.4,1,1.0,0.75,0.4,1,0.0,-0.0833333333333,0.0,0,24,4,1.0,5.0,109.0,1.0,5.0,109.0,1.0,1.0,1.0,1.0,5.0,0.154186743508,2,0,0,0,0,1.0,5.0,90.0,0.2,479.0,228.0,0.8,0.866768759571,0.2,0.349157733538,1.0,0.0278546568286,3,0,0,1,0,0.0,0.0,19.0,0.8,-474.0,-119.0,0.2,0.133231240429,0.8,0.650842266462,4.0,0.126332086679,-1,0,0,-1,0,sogou
1.0,0.666666666667,0.4,1,1.0,0.75,0.4,1,0.0,-0.0833333333333,0.0,0,18,4,1.0,5.0,111.0,1.0,5.0,111.0,0.8,0.840823970037,0.8,0.840823970037,4.0,0.133091071105,3,0,0,0,0,1.0,5.0,118.0,0.142857142857,789.0,206.0,1.0,1.0,0.0,0.0,0.0,0.0,5,0,0,1,1,0.0,0.0,-7.0,0.857142857143,-784.0,-95.0,-0.2,-0.159176029963,0.8,0.840823970037,4.0,0.133091071105,-2,0,0,-1,-1,sogou
0.2,0.2,0.0,0,0.25,0.25,0.0,0,-0.05,-0.05,0.0,0,15,3,1.0,5.0,129.0,1.0,5.0,129.0,1.0,1.0,0.75,0.705284552846,3.0,0.110167890712,3,1,0,0,0,1.0,5.0,401.0,1.0,5.0,401.0,1.0,1.0,0.333333333333,0.640575079872,4.0,0.190345628812,3,1,0,1,0,0.0,0.0,-272.0,0.0,0.0,-272.0,0.0,0.0,0.416666666667,0.0647094729733,-1.0,-0.0801777380997,0,0,0,-1,0,sogou
0.2,0.155555555556,0.2,1,0.5,0.416666666667,0.5,1,-0.3,-0.261111111111,-0.3,0,12,2,1.0,5.0,203.0,1.0,5.0,203.0,0.4,0.550264550265,0.4,0.550264550265,2.0,0.177484707224,2,0,1,0,0,1.0,5.0,230.0,1.0,5.0,230.0,0.5,0.647773279352,0.25,0.465587044534,1.0,0.139271255061,2,0,1,0,0,0.0,0.0,-27.0,0.0,0.0,-27.0,-0.1,-0.0975087290877,0.15,0.0846775057301,1.0,0.0382134521638,0,0,0,0,0,sogou
0.2,0.155555555556,0.0,0,0.2,0.1625,0.0,0,0.0,-0.00694444444444,0.0,0,25,4,1.0,5.0,356.0,0.5,375.0,109.0,1.0,1.0,0.666666666667,0.379790940767,2.0,0.0587736227867,2,0,0,1,0,1.0,5.0,90.0,0.166666666667,697.0,184.0,1.0,1.0,0.0,0.0,0.0,0.0,2,0,0,1,1,0.0,0.0,266.0,0.333333333333,-322.0,-75.0,0.0,0.0,0.666666666667,0.379790940767,2.0,0.0587736227867,0,0,0,0,-1,sogou
0.25,0.25,0.25,1,0.5,0.5,0.25,1,-0.25,-0.25,0.0,0,15,3,1.0,5.0,110.0,0.142857142857,1050.0,120.0,1.0,1.0,0.0,0.0,0.0,0.0,2,0,0,1,0,1.0,5.0,113.0,0.25,518.0,112.0,1.0,1.0,0.25,0.190152801358,1.0,0.0730050933786,4,1,0,1,1,0.0,0.0,-3.0,-0.107142857143,532.0,8.0,0.0,0.0,-0.25,-0.190152801358,-1.0,-0.0730050933786,-2,-1,0,0,-1,sogou
0.25,0.175,0.0,0,1.0,0.55,0.2,1,-0.75,-0.375,-0.2,-1,39,6,0.5,104.0,268.0,0.142857142857,862.0,110.0,0.666666666667,0.835907335907,0.0,0.0,0.0,0.0,2,0,0,0,0,1.0,5.0,178.0,0,-1,0,0.4,0.578352180937,0.0,0.0,0.0,0.0,2,0,0,1,0,-0.5,99.0,90.0,0.142857142857,863.0,110.0,0.266666666667,0.25755515497,0.0,0.0,0.0,0.0,0,0,0,-1,0,baidu
0.166666666667,0.166666666667,0.0,0,0.5,0.5,0.2,1,-0.333333333333,-0.333333333333,-0.2,-1,21,3,1.0,5.0,210.0,1.0,5.0,210.0,1.0,1.0,1.0,1.0,7.0,0.247436613569,1,0,0,0,0,1.0,5.0,206.0,1.0,5.0,206.0,0.6,0.681901279707,0.2,0.376599634369,4.0,0.149230513545,2,0,0,0,0,0.0,0.0,4.0,0.0,0.0,4.0,0.4,0.318098720293,0.8,0.623400365631,3.0,0.0982061000241,-1,0,0,0,0,sogou
0.125,0.125,0.0,0,0.142857142857,0.142857142857,0.0,0,-0.0178571428571,-0.0178571428571,0.0,0,12,2,1.0,5.0,210.0,1.0,5.0,210.0,1.0,1.0,1.0,1.0,7.0,0.247086479464,3,1,0,0,0,1.0,5.0,206.0,1.0,5.0,206.0,1.0,1.0,0.25,0.390891840607,4.0,0.154893910643,3,1,0,0,0,0.0,0.0,4.0,0.0,0.0,4.0,0.0,0.0,0.75,0.609108159393,3.0,0.0921925688204,0,0,0,0,0,baidu
0.0,0,0.0,0,0.0,0,0.0,0,0.0,0,0.0,0,37,7,1.0,5.0,109.0,1.0,5.0,109.0,1.0,1.0,0.8,0.804104477612,4.0,0.125880818954,2,0,0,1,0,1.0,5.0,90.0,0.166666666667,509.0,118.0,0.5,0.533094812165,0.166666666667,0.211091234347,1.0,0.0325386241665,1,0,0,0,0,0.0,0.0,19.0,0.833333333333,-504.0,-9.0,0.5,0.466905187835,0.633333333333,0.593013243265,3.0,0.093342194787,1,0,0,1,0,baidu
1.0,1.0,0.25,1,1.0,1.0,0.333333333333,1,0.0,0.0,-0.0833333333333,0,18,2,1.0,5.0,216.0,1.0,5.0,216.0,1.0,1.0,1.0,1.0,4.0,0.126743206885,3,0,0,0,0,1.0,5.0,200.0,0.5,217.0,254.0,0.666666666667,0.839186691312,0.333333333333,0.469500924214,4.0,0.150885565451,2,0,0,0,1,0.0,0.0,16.0,0.5,-212.0,-38.0,0.333333333333,0.160813308688,0.666666666667,0.530499075786,0.0,-0.0241423585667,1,0,0,0,-1,sogou
0.166666666667,0.166666666667,0.0,0,0.111111111111,0.111111111111,0.0,0,0.0555555555556,0.0555555555556,0.0,0,12,2,1.0,5.0,108.0,0.5,127.0,169.0,0.6,0.694244604317,0.4,0.5,2.0,0.0869694578909,3,1,0,0,0,1.0,13.0,425.0,0.166666666667,1472.0,228.0,1.0,1.0,0.0,0.0,0.0,0.0,1,0,0,0,0,0.0,-8.0,-317.0,0.333333333333,-1345.0,-59.0,-0.4,-0.305755395683,0.4,0.5,2.0,0.0869694578909,2,1,0,0,0,sogou
1.0,1.0,0.333333333333,1,0.166666666667,0.166666666667,0.0,0,0.833333333333,0.833333333333,0.333333333333,1,18,3,0.5,104.0,302.0,0.25,579.0,109.0,0.666666666667,0.84022556391,0.0,0.0,0.0,0.0,2,0,0,1,0,1.0,5.0,526.0,1.0,5.0,526.0,1.0,1.0,0.5,0.853896103896,1.0,0.00442739079103,2,0,0,0,0,-0.5,99.0,-224.0,-0.75,574.0,-417.0,-0.333333333333,-0.15977443609,-0.5,-0.853896103896,-1.0,-0.00442739079103,0,0,0,1,0,baidu
1.0,0.5,0.5,1,0.5,0.316666666667,0.5,1,0.5,0.183333333333,0.0,0,14,4,0.5,104.0,192.0,0.5,104.0,192.0,0.75,0.833659491194,0.5,0.58904109589,5.0,0.208774980176,3,0,0,1,0,1.0,5.0,401.0,1.0,5.0,401.0,1.0,1.0,0.5,0.74953271028,4.0,0.222722175021,2,0,0,1,0,-0.5,99.0,-209.0,-0.5,99.0,-209.0,-0.25,-0.166340508806,0.0,-0.16049161439,1.0,-0.0139471948453,1,0,0,0,0,sogou
0.2,0.2,0.0,0,0.5,0.5,0.25,1,-0.3,-0.3,-0.25,-1,21,3,1.0,5.0,356.0,0.333333333333,474.0,129.0,0.666666666667,0.850877192982,0.333333333333,0.226315789474,1.0,0.0359062153525,2,1,0,1,0,1.0,5.0,113.0,0,-1,0,0.75,0.823170731707,0.0,0.0,0.0,0.0,2,0,0,1,0,0.0,0.0,243.0,0.333333333333,475.0,129.0,-0.0833333333333,0.0277064612751,0.333333333333,0.226315789474,1.0,0.0359062153525,0,1,0,0,0,baidu
0.0,0,0.0,0,0.0,0,0.0,0,0.0,0,0.0,0,20,5,1.0,5.0,111.0,1.0,5.0,111.0,1.0,1.0,0.6,0.612280701754,3.0,0.0887791038936,3,0,0,1,0,1.0,5.0,202.0,0,-1,0,0.6,0.687050359712,0.0,0.0,0.0,0.0,2,0,0,1,0,0.0,0.0,-91.0,1.0,6.0,111.0,0.4,0.312949640288,0.6,0.612280701754,3.0,0.0887791038936,1,0,0,0,0,baidu
0.5,0.5,0.25,1,0.5,0.5,0.333333333333,1,0.0,0.0,-0.0833333333333,0,25,5,1.0,5.0,209.0,1.0,5.0,209.0,1.0,1.0,0.75,0.773550724638,3.0,0.126713943214,3,0,0,1,0,1.0,5.0,244.0,0,-1,0,1.0,1.0,0.0,0.0,0.0,0.0,1,0,0,0,0,0.0,0.0,-35.0,1.0,6.0,209.0,0.0,0.0,0.75,0.773550724638,3.0,0.126713943214,2,0,0,1,0,baidu
0.125,0.125,0.0,0,0.111111111111,0.111111111111,0.0,0,0.0138888888889,0.0138888888889,0.0,0,15,2,1.0,5.0,210.0,1.0,5.0,210.0,1.0,1.0,0.75,0.832391713748,6.0,0.227871939736,2,0,0,0,0,1.0,5.0,206.0,1.0,5.0,206.0,1.0,1.0,1.0,1.0,4.0,0.39625772286,1,0,0,0,0,0.0,0.0,4.0,0.0,0.0,4.0,0.0,0.0,-0.25,-0.167608286252,2.0,-0.168385783123,1,0,0,0,0,baidu
1.0,0.625,0.333333333333,1,0.142857142857,0.133928571429,0.0,0,0.857142857143,0.491071428571,0.333333333333,1,21,6,0.2,423.0,108.0,0,-1,0,0.166666666667,0.194594594595,0.0,0.0,0.0,0.0,1,0,0,0,0,1.0,5.0,112.0,0,-1,0,0.6,0.672932330827,0.0,0.0,0.0,0.0,2,0,0,0,0,-0.8,418.0,-4.0,0,0,0,-0.433333333333,-0.478337736232,0.0,0.0,0.0,0.0,-1,0,0,0,0,sogou
0.25,0.25,0.2,1,0.5,0.5,0.25,1,-0.25,-0.25,-0.05,0,21,3,1.0,5.0,149.0,1.0,5.0,149.0,1.0,1.0,1.0,1.0,7.0,0.211292218727,3,0,0,0,0,1.0,5.0,324.0,1.0,5.0,324.0,1.0,1.0,0.25,0.545454545455,9.0,0.367661463116,2,0,0,0,0,0.0,0.0,-175.0,0.0,0.0,-175.0,0.0,0.0,0.75,0.454545454545,-2.0,-0.156369244389,1,0,0,0,0,sogou
0.0,0,0.0,0,0.0,0,0.0,0,0.0,0,0.0,0,21,4,1.0,5.0,236.0,0.333333333333,434.0,263.0,1.0,1.0,0.333333333333,0.396084337349,4.0,0.12329242621,2,0,0,1,0,1.0,5.0,146.0,0.5,163.0,132.0,1.0,1.0,0.5,0.496183206107,2.0,0.0778903539209,2,0,0,0,0,0.0,0.0,90.0,-0.166666666667,271.0,131.0,0.0,0.0,-0.166666666667,-0.100098868757,2.0,0.0454020722895,0,0,0,1,0,baidu
